"ID","Index","League Rank","Squad",". of Players","Avg Age","MP","W","D","L","GF","GA","GD","Pts","Pts/MP","Attendance","Annual Wages ($)","Season","Avg Poss","League"
1,0,1,"Manchester City",28,27.70,38,27,5,6,102,37,65,86,2.26,47075,137628660.00,"2013-2014",,"EPL"
2,4,2,"Liverpool",35,25.70,38,26,6,6,101,50,51,84,2.21,44671,79775627.00,"2013-2014",,"EPL"
3,1,3,"Chelsea",49,27.70,38,25,7,6,71,27,44,82,2.16,41482,125072997.00,"2013-2014",,"EPL"
4,3,4,"Arsenal",41,26.80,38,24,7,7,68,41,27,79,2.08,60013,87488634.00,"2013-2014",,"EPL"
5,5,5,"Everton",35,27.60,38,21,9,8,61,39,22,72,1.89,37732,64212290.00,"2013-2014",,"EPL"
6,6,6,"Tottenham",42,25.20,38,21,6,11,55,51,4,69,1.82,35808,62281306.00,"2013-2014",,"EPL"
7,2,7,"Manchester Utd",37,26.70,38,19,7,12,64,43,21,64,1.68,75207,118231300.00,"2013-2014",,"EPL"
8,14,8,"Southampton",35,25.10,38,15,11,12,54,46,8,56,1.47,30212,33911966.00,"2013-2014",,"EPL"
9,11,9,"Stoke City",33,27.30,38,13,11,14,45,52,-7,50,1.32,26137,41228818.00,"2013-2014",,"EPL"
10,9,10,"Newcastle Utd",37,26.40,38,15,4,19,43,59,-16,49,1.29,50395,44292384.00,"2013-2014",,"EPL"
11,19,11,"Crystal Palace",45,28.10,38,13,6,19,33,48,-15,45,1.18,24375,23547346.00,"2013-2014",,"EPL"
12,17,12,"Swansea City",36,26.50,38,11,9,18,54,54,0,42,1.11,20407,26077436.00,"2013-2014",,"EPL"
13,7,13,"West Ham",45,28.50,38,11,7,20,40,51,-11,40,1.05,34197,57439867.00,"2013-2014",,"EPL"
14,8,14,"Sunderland",39,26.50,38,10,8,20,41,60,-19,38,1.00,41090,50510673.00,"2013-2014",,"EPL"
15,13,15,"Aston Villa",36,24.60,38,10,8,20,39,61,-22,38,1.00,36081,40158203.00,"2013-2014",,"EPL"
16,18,16,"Hull City",34,27.50,38,10,7,21,38,53,-15,37,0.97,24117,25548810.00,"2013-2014",,"EPL"
17,10,17,"West Brom",33,28.40,38,7,15,16,43,59,-16,36,0.95,25194,41977389.00,"2013-2014",,"EPL"
18,16,18,"Norwich City",32,26.30,38,8,9,21,28,62,-34,33,0.87,26805,33818395.00,"2013-2014",,"EPL"
19,12,19,"Fulham",48,29.00,38,9,5,24,40,85,-45,32,0.84,24977,40499682.00,"2013-2014",,"EPL"
20,15,20,"Cardiff City",42,25.40,38,7,9,22,32,74,-42,30,0.79,27430,33870651.00,"2013-2014",,"EPL"
21,2,1,"Chelsea",38,27.00,38,26,9,3,73,32,41,87,2.29,41546,127165606.00,"2014-2015","55.9","EPL"
22,1,2,"Manchester City",36,28.60,38,24,7,7,83,38,45,79,2.08,45365,148616689.00,"2014-2015","59.8","EPL"
23,3,3,"Arsenal",42,26.10,38,22,9,7,71,36,35,75,1.97,59992,115053498.00,"2014-2015","56.6","EPL"
24,0,4,"Manchester Utd",43,26.00,38,20,10,8,62,37,25,70,1.84,75335,171492018.00,"2014-2015","61.2","EPL"
25,5,5,"Tottenham",43,24.40,38,19,7,12,58,53,5,64,1.68,35728,79949408.00,"2014-2015","57.0","EPL"
26,4,6,"Liverpool",35,25.20,38,18,8,12,52,48,4,62,1.63,44659,99684598.00,"2014-2015","55.8","EPL"
27,9,7,"Southampton",37,26.00,38,18,6,14,54,33,21,60,1.58,30741,51716172.00,"2014-2015","53.1","EPL"
28,18,8,"Swansea City",37,26.60,38,16,8,14,46,49,-3,56,1.47,20555,36479727.00,"2014-2015","50.1","EPL"
29,12,9,"Stoke City",30,27.40,38,15,9,14,48,45,3,54,1.42,27081,44614421.00,"2014-2015","50.4","EPL"
30,17,10,"Crystal Palace",43,27.80,38,13,9,16,47,51,-4,48,1.26,24421,38527381.00,"2014-2015","40.4","EPL"
31,6,11,"Everton",40,27.90,38,12,11,15,48,50,-2,47,1.24,37406,61313987.00,"2014-2015","54.7","EPL"
32,7,12,"West Ham",36,26.80,38,12,11,15,44,47,-3,47,1.24,34846,55241529.00,"2014-2015","45.6","EPL"
33,13,13,"West Brom",35,28.00,38,11,11,16,38,51,-13,44,1.16,25064,43128203.00,"2014-2015","43.7","EPL"
34,14,14,"Leicester City",37,27.90,38,11,8,19,46,55,-9,41,1.08,31693,40610268.00,"2014-2015","43.5","EPL"
35,16,15,"Newcastle Utd",42,25.90,38,10,9,19,40,63,-23,39,1.03,50359,39777842.00,"2014-2015","47.7","EPL"
36,10,16,"Sunderland",35,27.80,38,7,17,14,31,53,-22,38,1.00,43157,46939140.00,"2014-2015","45.2","EPL"
37,15,17,"Aston Villa",38,26.30,38,10,8,20,31,57,-26,38,1.00,34133,40246912.00,"2014-2015","49.0","EPL"
38,11,18,"Hull City",35,27.40,38,8,11,19,33,51,-18,35,0.92,23557,44714066.00,"2014-2015","44.2","EPL"
39,19,19,"Burnley",30,27.20,38,7,12,19,28,53,-25,33,0.87,19131,18934364.00,"2014-2015","42.5","EPL"
40,8,20,"QPR",41,28.20,38,8,6,24,42,73,-31,30,0.79,17809,54806479.00,"2014-2015","45.2","EPL"
41,16,1,"Leicester City",35,27.70,38,23,12,3,68,36,32,81,2.13,31998,44814931.00,"2015-2016","42.6","EPL"
42,3,2,"Arsenal",41,27.00,38,20,11,7,65,36,29,71,1.87,59944,119322568.00,"2015-2016","58.3","EPL"
43,6,3,"Tottenham",31,24.50,38,19,13,6,69,35,34,70,1.84,35776,65923323.00,"2015-2016","57.4","EPL"
44,0,4,"Manchester City",38,28.30,38,19,9,10,71,41,30,66,1.74,54041,154279620.00,"2015-2016","56.9","EPL"
45,1,5,"Manchester Utd",44,25.60,38,19,9,10,49,35,14,66,1.74,75286,151383753.00,"2015-2016","58.5","EPL"
46,11,6,"Southampton",35,26.40,38,18,9,11,59,41,18,63,1.66,30751,52233855.00,"2015-2016","49.2","EPL"
47,8,7,"West Ham",50,26.60,38,16,14,8,65,51,14,62,1.63,34910,64811396.00,"2015-2016","48.4","EPL"
48,4,8,"Liverpool",44,25.20,38,16,12,10,63,50,13,60,1.58,43910,115393761.00,"2015-2016","57.2","EPL"
49,12,9,"Stoke City",31,27.40,38,14,9,15,41,55,-14,51,1.34,27534,51231301.00,"2015-2016","49.7","EPL"
50,2,10,"Chelsea",40,26.80,38,12,14,12,59,53,6,50,1.32,41500,121447990.00,"2015-2016","56.2","EPL"
51,14,12,"Swansea City",37,27.60,38,12,11,15,42,52,-10,47,1.24,20711,49352567.00,"2015-2016","52.5","EPL"
52,5,11,"Everton",39,26.50,38,11,14,13,59,55,4,47,1.24,38124,67229682.00,"2015-2016","51.9","EPL"
53,18,13,"Watford",39,28.20,38,12,9,17,40,50,-10,45,1.18,20594,35264508.00,"2015-2016","45.1","EPL"
54,13,14,"West Brom",35,29.10,38,10,13,15,34,48,-14,43,1.13,24631,50457203.00,"2015-2016","39.8","EPL"
55,19,16,"Bournemouth",50,27.70,38,11,9,18,45,67,-22,42,1.11,11189,32146254.00,"2015-2016","51.2","EPL"
56,7,15,"Crystal Palace",38,27.70,38,11,9,18,39,51,-12,42,1.11,24825,65851625.00,"2015-2016","45.8","EPL"
57,10,17,"Sunderland",42,27.30,38,9,12,17,48,62,-14,39,1.03,43071,56324289.00,"2015-2016","41.0","EPL"
58,9,18,"Newcastle Utd",42,25.40,38,9,10,19,44,65,-21,37,0.97,49754,59855725.00,"2015-2016","46.6","EPL"
59,17,19,"Norwich City",41,27.70,38,9,7,22,39,67,-28,34,0.89,26972,39684267.00,"2015-2016","46.0","EPL"
60,15,20,"Aston Villa",44,26.60,38,3,8,27,27,76,-49,17,0.45,33690,45243902.00,"2015-2016","46.4","EPL"
61,3,1,"Chelsea",52,27.20,38,30,3,5,85,33,52,93,2.45,41508,119837823.00,"2016-2017","55.1","EPL"
62,6,2,"Tottenham",40,25.30,38,26,8,4,86,26,60,86,2.26,31639,86540764.00,"2016-2017","60.5","EPL"
63,1,3,"Manchester City",45,28.50,38,23,9,6,80,39,41,78,2.05,54019,167653131.00,"2016-2017","65.0","EPL"
64,4,4,"Liverpool",39,26.10,38,22,10,6,78,42,36,76,2.00,53016,111418772.00,"2016-2017","62.0","EPL"
65,2,5,"Arsenal",44,26.90,38,23,6,9,77,44,33,75,1.97,59957,125611339.00,"2016-2017","58.9","EPL"
66,0,6,"Manchester Utd",45,26.70,38,18,15,5,54,29,25,69,1.82,75290,191407063.00,"2016-2017","56.5","EPL"
67,7,7,"Everton",43,27.50,38,17,10,11,62,44,18,61,1.61,39047,82436962.00,"2016-2017","52.1","EPL"
68,18,9,"Bournemouth",45,27.00,38,12,10,16,55,67,-12,46,1.21,11182,43340868.00,"2016-2017","51.5","EPL"
69,9,8,"Southampton",39,26.00,38,12,10,16,41,48,-7,46,1.21,30936,70813373.00,"2016-2017","54.4","EPL"
70,15,10,"West Brom",35,29.40,38,12,9,17,43,51,-8,45,1.18,23876,49775463.00,"2016-2017","37.3","EPL"
71,10,11,"West Ham",45,27.10,38,12,9,17,47,64,-17,45,1.18,56972,68723192.00,"2016-2017","47.1","EPL"
72,11,13,"Stoke City",39,28.70,38,11,11,16,41,56,-15,44,1.16,27433,62902282.00,"2016-2017","46.3","EPL"
73,8,12,"Leicester City",32,27.80,38,12,8,18,48,63,-15,44,1.16,31893,77410807.00,"2016-2017","41.9","EPL"
74,16,15,"Swansea City",40,27.40,38,12,5,21,45,70,-25,41,1.08,20619,48278312.00,"2016-2017","47.9","EPL"
75,5,14,"Crystal Palace",48,27.70,38,12,5,21,50,63,-13,41,1.08,25161,87762066.00,"2016-2017","45.4","EPL"
76,14,17,"Watford",47,29.00,38,11,7,20,40,68,-28,40,1.05,20571,51036865.00,"2016-2017","46.1","EPL"
77,19,16,"Burnley",39,27.70,38,11,7,20,39,55,-16,40,1.05,20558,29668416.00,"2016-2017","40.3","EPL"
78,13,18,"Hull City",45,27.40,38,9,7,22,37,80,-43,34,0.89,20761,51215501.00,"2016-2017","45.9","EPL"
79,17,19,"Middlesbrough",37,27.30,38,5,13,20,27,53,-26,28,0.74,30449,47233220.00,"2016-2017","47.3","EPL"
80,12,20,"Sunderland",43,26.80,38,6,6,26,29,69,-40,24,0.63,41287,58041399.00,"2016-2017","39.7","EPL"
81,2,1,"Manchester City",32,26.40,38,32,4,2,106,27,79,100,2.63,54070,184103578.00,"2017-2018","71.0","EPL"
82,0,2,"Manchester Utd",35,26.70,38,25,6,7,68,28,40,81,2.13,74976,201934520.00,"2017-2018","54.7","EPL"
83,6,3,"Tottenham",34,25.80,38,23,8,7,74,36,38,77,2.03,67953,97579832.00,"2017-2018","61.8","EPL"
84,4,4,"Liverpool",34,25.60,38,21,12,5,84,38,46,75,1.97,53049,116263857.00,"2017-2018","60.3","EPL"
85,3,5,"Chelsea",46,26.70,38,21,7,10,62,38,24,70,1.84,41282,147846240.00,"2017-2018","55.6","EPL"
86,1,6,"Arsenal",45,26.80,38,19,6,13,74,51,23,63,1.66,59323,192316043.00,"2017-2018","61.4","EPL"
87,18,7,"Burnley",30,27.50,38,14,12,12,36,39,-3,54,1.42,20688,39563962.00,"2017-2018","43.7","EPL"
88,5,8,"Everton",48,26.70,38,13,10,15,44,58,-14,49,1.29,38797,103828499.00,"2017-2018","45.5","EPL"
89,10,9,"Leicester City",34,27.20,38,12,11,15,56,60,-4,47,1.24,31583,77904185.00,"2017-2018","48.0","EPL"
90,9,11,"Crystal Palace",41,27.10,38,11,11,16,45,55,-10,44,1.16,25063,82684869.00,"2017-2018","45.2","EPL"
91,15,12,"Bournemouth",37,26.90,38,11,11,16,45,61,-16,44,1.16,10641,52328645.00,"2017-2018","48.1","EPL"
92,16,10,"Newcastle Utd",37,25.60,38,12,8,18,39,47,-8,44,1.16,51992,51305427.00,"2017-2018","41.7","EPL"
93,7,13,"West Ham",41,28.00,38,10,12,16,48,68,-20,42,1.11,56885,84497976.00,"2017-2018","45.2","EPL"
94,14,14,"Watford",37,27.90,38,11,8,19,44,64,-20,41,1.08,20231,56478625.00,"2017-2018","49.7","EPL"
95,17,15,"Brighton",43,27.50,38,9,13,16,34,54,-20,40,1.05,30403,48498265.00,"2017-2018","43.7","EPL"
96,19,16,"Huddersfield",36,26.40,38,9,10,19,28,58,-30,37,0.97,24040,31118172.00,"2017-2018","45.7","EPL"
97,8,17,"Southampton",29,26.20,38,7,15,16,37,56,-19,36,0.95,30794,82723752.00,"2017-2018","51.3","EPL"
98,12,19,"Stoke City",35,27.50,38,7,12,19,35,68,-33,33,0.87,29280,59609032.00,"2017-2018","41.4","EPL"
99,13,18,"Swansea City",37,27.20,38,8,9,21,28,56,-28,33,0.87,20623,58054764.00,"2017-2018","45.3","EPL"
100,11,20,"West Brom",33,29.10,38,6,13,19,31,56,-25,31,0.82,24520,71763674.00,"2017-2018","40.7","EPL"
101,2,1,"Manchester City",96,26.70,38,32,2,4,95,23,72,98,2.58,54130,183025676.00,"2018-2019","67.9","EPL"
102,4,2,"Liverpool",88,26.10,38,30,7,1,89,22,67,97,2.55,52983,154892092.00,"2018-2019","61.8","EPL"
103,0,3,"Chelsea",103,27.30,38,21,9,8,63,39,24,72,1.89,40437,191405844.00,"2018-2019","62.9","EPL"
104,5,4,"Tottenham",83,26.80,38,23,2,13,67,39,28,71,1.87,54216,110835465.00,"2018-2019","59.0","EPL"
105,3,5,"Arsenal",91,26.70,38,21,7,10,73,51,22,70,1.84,59899,164492342.00,"2018-2019","58.1","EPL"
106,1,6,"Manchester Utd",86,26.30,38,19,9,10,65,54,11,66,1.74,74498,183893347.00,"2018-2019","54.7","EPL"
107,17,7,"Wolves",85,26.10,38,16,9,13,47,46,1,57,1.50,31030,45190433.00,"2018-2019","46.8","EPL"
108,6,8,"Everton",90,25.70,38,15,9,14,54,46,8,54,1.42,39043,104152963.00,"2018-2019","51.5","EPL"
109,7,10,"West Ham",90,27.60,38,15,7,16,52,55,-3,52,1.37,58336,100614239.00,"2018-2019","48.6","EPL"
110,8,9,"Leicester City",89,25.90,38,15,7,16,51,48,3,52,1.37,31851,97096177.00,"2018-2019","50.9","EPL"
111,14,11,"Watford",93,28.50,38,14,8,16,52,59,-7,50,1.32,20016,60029502.00,"2018-2019","46.7","EPL"
112,9,12,"Crystal Palace",86,27.40,38,14,7,17,51,53,-2,49,1.29,25455,90778244.00,"2018-2019","45.2","EPL"
113,11,14,"Bournemouth",82,26.60,38,13,6,19,56,70,-14,45,1.18,10532,64030011.00,"2018-2019","46.9","EPL"
114,13,13,"Newcastle Utd",88,26.90,38,12,9,17,42,48,-6,45,1.18,51121,60572706.00,"2018-2019","40.4","EPL"
115,15,15,"Burnley",83,28.00,38,11,7,20,45,68,-23,40,1.05,20534,53789342.00,"2018-2019","41.2","EPL"
116,10,16,"Southampton",86,25.40,38,9,12,17,45,65,-20,39,1.03,30139,88121158.00,"2018-2019","43.4","EPL"
117,16,17,"Brighton",93,27.40,38,9,9,20,35,60,-25,36,0.95,30426,52036991.00,"2018-2019","42.4","EPL"
118,19,18,"Cardiff City",92,27.70,38,10,4,24,34,69,-35,34,0.89,31408,40090150.00,"2018-2019","35.4","EPL"
119,12,19,"Fulham",82,26.00,38,7,5,26,34,81,-47,26,0.68,24371,61877851.00,"2018-2019","48.8","EPL"
120,18,20,"Huddersfield",86,26.20,38,3,7,28,22,76,-54,16,0.42,23203,42672499.00,"2018-2019","47.2","EPL"
121,4,1,"Liverpool",70,26.60,38,32,3,3,85,33,52,99,2.61,41955,139592457.00,"2019-2020","62.9","EPL"
122,1,2,"Manchester City",71,26.90,38,26,3,9,102,35,67,81,2.13,37097,181055805.00,"2019-2020","66.2","EPL"
123,0,3,"Manchester Utd",78,24.80,38,18,12,8,66,36,30,66,1.74,57415,201046193.00,"2019-2020","55.8","EPL"
124,2,4,"Chelsea",79,25.50,38,20,6,12,69,54,15,66,1.74,32023,145401216.00,"2019-2020","60.4","EPL"
125,9,5,"Leicester City",80,26.10,38,18,8,12,67,41,26,62,1.63,25312,89355214.00,"2019-2020","57.1","EPL"
126,5,6,"Tottenham",76,26.70,38,16,11,11,61,47,14,59,1.55,43757,130733496.00,"2019-2020","52.0","EPL"
127,12,7,"Wolves",77,26.60,38,15,14,9,51,40,11,59,1.55,24758,65779923.00,"2019-2020","48.3","EPL"
128,3,8,"Arsenal",78,25.80,38,14,14,10,56,48,8,56,1.47,47589,144052322.00,"2019-2020","53.8","EPL"
129,16,10,"Burnley",73,28.00,38,15,9,14,43,50,-7,54,1.42,15995,54040892.00,"2019-2020","41.9","EPL"
130,19,9,"Sheffield Utd",83,26.90,38,14,12,12,39,39,0,54,1.42,24370,29384049.00,"2019-2020","43.1","EPL"
131,13,11,"Southampton",64,25.90,38,15,7,16,51,60,-9,52,1.37,23428,65062944.00,"2019-2020","48.9","EPL"
132,6,12,"Everton",76,25.50,38,13,10,15,44,56,-12,49,1.29,28848,106854401.00,"2019-2020","49.0","EPL"
133,10,13,"Newcastle Utd",88,26.50,38,11,11,16,38,58,-20,44,1.16,35551,81796543.00,"2019-2020","39.0","EPL"
134,8,14,"Crystal Palace",69,29.40,38,11,10,17,31,50,-19,43,1.13,19784,90278786.00,"2019-2020","44.8","EPL"
135,15,15,"Brighton",84,26.40,38,9,14,15,39,54,-15,41,1.08,22369,59205581.00,"2019-2020","52.2","EPL"
136,7,16,"West Ham",74,27.40,38,10,9,19,49,62,-13,39,1.03,44155,90541270.00,"2019-2020","44.1","EPL"
137,14,17,"Aston Villa",82,25.70,38,9,8,21,41,67,-26,35,0.92,28505,62158568.00,"2019-2020","44.1","EPL"
138,11,19,"Watford",91,28.90,38,8,10,20,36,64,-28,34,0.89,15353,70081807.00,"2019-2020","42.9","EPL"
139,17,18,"Bournemouth",84,25.20,38,9,7,22,40,65,-25,34,0.89,7745,51464621.00,"2019-2020","44.1","EPL"
140,18,20,"Norwich City",71,26.00,38,5,6,27,26,75,-49,21,0.55,19913,31826646.00,"2019-2020","49.3","EPL"
141,3,1,"Manchester City",76,26.10,38,27,5,6,83,32,51,86,2.26,526,167309223.00,"2020-2021","63.5","EPL"
142,0,2,"Manchester Utd",86,25.60,38,21,11,6,73,44,29,74,1.95,526,235035931.00,"2020-2021","55.7","EPL"
143,5,3,"Liverpool",84,26.80,38,20,9,9,68,42,26,69,1.82,837,159096757.00,"2020-2021","62.1","EPL"
144,1,4,"Chelsea",82,26.00,38,19,10,9,58,36,22,67,1.76,526,179624258.00,"2020-2021","60.9","EPL"
145,8,5,"Leicester City",80,26.50,38,20,6,12,68,50,18,66,1.74,421,94211238.00,"2020-2021","54.3","EPL"
146,9,6,"West Ham",72,27.80,38,19,8,11,62,47,15,65,1.71,632,80783044.00,"2020-2021","43.2","EPL"
147,4,7,"Tottenham",82,27.20,38,18,8,12,68,45,23,62,1.63,632,163418084.00,"2020-2021","51.6","EPL"
148,2,8,"Arsenal",87,25.90,38,18,7,13,55,39,16,61,1.61,632,179184367.00,"2020-2021","53.5","EPL"
149,6,10,"Everton",87,26.30,38,17,8,13,47,48,-1,59,1.55,368,111889062.00,"2020-2021","46.4","EPL"
150,18,9,"Leeds United",85,26.10,38,18,5,15,62,54,8,59,1.55,421,29391828.00,"2020-2021","57.3","EPL"
151,10,11,"Aston Villa",79,25.20,38,16,7,15,55,46,9,55,1.45,526,75481066.00,"2020-2021","48.5","EPL"
152,11,12,"Newcastle Utd",94,27.10,38,12,9,17,46,62,-16,45,1.18,526,69931123.00,"2020-2021","38.8","EPL"
153,15,13,"Wolves",70,26.30,38,12,9,17,36,52,-16,45,1.18,237,62600661.00,"2020-2021","49.3","EPL"
154,7,14,"Crystal Palace",87,29.10,38,12,8,18,41,66,-25,44,1.16,447,107832658.00,"2020-2021","40.6","EPL"
155,12,15,"Southampton",76,26.60,38,12,7,19,47,68,-21,43,1.13,526,69491210.00,"2020-2021","52.0","EPL"
156,14,16,"Brighton",87,25.80,38,9,14,15,40,46,-6,41,1.08,523,62679778.00,"2020-2021","51.1","EPL"
157,17,17,"Burnley",74,28.30,38,10,9,19,33,55,-22,39,1.03,178,44660597.00,"2020-2021","42.1","EPL"
158,13,18,"Fulham",89,25.20,38,5,13,20,27,53,-26,28,0.74,211,63396662.00,"2020-2021","49.7","EPL"
159,16,19,"West Brom",87,26.40,38,5,11,22,35,76,-41,26,0.68,283,45070367.00,"2020-2021","37.9","EPL"
160,19,20,"Sheffield Utd",86,26.70,38,7,2,29,20,63,-43,23,0.61,263,24410390.00,"2020-2021","41.7","EPL"
161,2,1,"Manchester City",67,27.00,38,29,6,3,99,26,73,93,2.45,52774,184169203.00,"2021-2022","67.9","EPL"
162,3,2,"Liverpool",83,27.70,38,28,8,2,94,26,68,92,2.42,53352,175492521.00,"2021-2022","62.7","EPL"
163,1,3,"Chelsea",81,27.40,38,21,11,6,76,33,43,74,1.95,36443,213745254.00,"2021-2022","61.8","EPL"
164,5,4,"Tottenham",67,26.50,38,22,5,11,69,40,29,71,1.87,56523,133905224.00,"2021-2022","51.8","EPL"
165,4,5,"Arsenal",70,24.40,38,22,3,13,61,48,13,69,1.82,59665,138984848.00,"2021-2022","52.8","EPL"
166,0,6,"Manchester Utd",82,27.20,38,16,10,12,57,57,0,58,1.53,73150,290255583.00,"2021-2022","52.7","EPL"
167,7,7,"West Ham",77,28.20,38,16,8,14,60,51,9,56,1.47,58370,90602030.00,"2021-2022","47.9","EPL"
168,8,8,"Leicester City",82,26.50,38,14,10,14,62,59,3,52,1.37,32493,90376000.00,"2021-2022","52.0","EPL"
169,12,10,"Wolves",76,27.30,38,15,6,17,38,43,-5,51,1.34,30841,69595717.00,"2021-2022","49.5","EPL"
170,14,9,"Brighton",76,26.20,38,12,15,11,42,44,-2,51,1.34,30966,56471332.00,"2021-2022","54.4","EPL"
171,11,11,"Newcastle Utd",83,27.50,38,13,10,15,44,62,-18,49,1.29,51487,83327721.00,"2021-2022","40.4","EPL"
172,9,12,"Crystal Palace",78,27.10,38,11,15,12,50,46,4,48,1.26,24588,88650389.00,"2021-2022","51.1","EPL"
173,19,13,"Brentford",90,25.40,38,13,7,18,48,56,-8,46,1.21,16918,25677627.00,"2021-2022","44.8","EPL"
174,10,14,"Aston Villa",66,26.10,38,13,6,19,52,54,-2,45,1.18,41681,86876165.00,"2021-2022","46.5","EPL"
175,13,15,"Southampton",81,25.70,38,9,13,16,43,67,-24,40,1.05,30134,63896331.00,"2021-2022","47.7","EPL"
176,6,16,"Everton",86,26.70,38,11,6,21,43,66,-23,39,1.03,38446,112648575.00,"2021-2022","40.0","EPL"
177,18,17,"Leeds United",70,26.10,38,9,11,18,42,79,-37,38,1.00,36308,28934417.00,"2021-2022","52.3","EPL"
178,16,18,"Burnley",72,28.50,38,7,14,17,34,53,-19,35,0.92,19278,48025544.00,"2021-2022","40.2","EPL"
179,15,19,"Watford",88,28.40,38,6,5,27,34,77,-43,23,0.61,20614,50285851.00,"2021-2022","40.7","EPL"
180,17,20,"Norwich City",82,26.20,38,5,7,26,23,84,-61,22,0.58,26836,38060731.00,"2021-2022","42.9","EPL"
181,1,1,"Manchester City",70,27.20,38,28,5,5,94,33,61,89,2.34,53249,247515941.00,"2022-2023","64.7","EPL"
182,5,2,"Arsenal",69,24.70,38,26,6,6,88,43,45,84,2.21,60191,129210591.00,"2022-2023","59.3","EPL"
183,0,3,"Manchester Utd",92,26.90,38,23,6,9,58,43,15,75,1.97,73671,290442939.00,"2022-2023","53.7","EPL"
184,8,4,"Newcastle Utd",86,27.30,38,19,14,5,68,33,35,71,1.87,52127,105285152.00,"2022-2023","52.3","EPL"
185,3,5,"Liverpool",86,27.40,38,19,10,9,75,47,28,67,1.76,53163,205877743.00,"2022-2023","60.8","EPL"
186,18,6,"Brighton",70,26.30,38,18,8,12,72,53,19,62,1.63,31477,48776174.00,"2022-2023","60.2","EPL"
187,6,7,"Aston Villa",81,27.00,38,18,7,13,51,46,5,61,1.61,39485,127888743.00,"2022-2023","49.3","EPL"
188,4,8,"Tottenham",79,27.60,38,18,6,14,70,63,7,60,1.58,61585,138959216.00,"2022-2023","50.0","EPL"
189,19,9,"Brentford",75,26.20,38,15,14,9,58,46,12,59,1.55,17078,40845084.00,"2022-2023","43.8","EPL"
190,12,10,"Fulham",72,28.20,38,15,7,16,55,53,2,52,1.37,23746,69066531.00,"2022-2023","48.8","EPL"
191,11,11,"Crystal Palace",73,26.70,38,11,12,15,40,49,-9,45,1.18,24952,84928703.00,"2022-2023","46.3","EPL"
192,2,12,"Chelsea",86,26.30,38,11,11,16,38,47,-9,44,1.16,40002,241567629.00,"2022-2023","58.7","EPL"
193,14,13,"Wolves",87,26.70,38,11,8,19,31,58,-27,41,1.08,31482,66323698.00,"2022-2023","49.9","EPL"
194,9,14,"West Ham",69,28.20,38,11,7,20,42,55,-13,40,1.05,62462,104756412.00,"2022-2023","42.1","EPL"
195,17,15,"Bournemouth",83,26.30,38,11,6,21,37,71,-34,39,1.03,10362,48842265.00,"2022-2023","40.4","EPL"
196,13,16,"Nott'ham Forest",107,26.50,38,9,11,18,38,68,-30,38,1.00,29188,67909914.00,"2022-2023","37.6","EPL"
197,7,17,"Everton",80,26.60,38,8,12,18,34,57,-23,36,0.95,39243,107796661.00,"2022-2023","42.8","EPL"
198,10,18,"Leicester City",81,26.10,38,9,7,22,51,68,-17,34,0.89,31887,100129945.00,"2022-2023","47.7","EPL"
199,16,19,"Leeds United",78,25.30,38,7,10,21,48,78,-30,31,0.82,36566,62754708.00,"2022-2023","47.0","EPL"
200,15,20,"Southampton",77,24.70,38,6,7,25,36,73,-37,25,0.66,30440,62986030.00,"2022-2023","44.5","EPL"
201,,1,"Bayern Munich",33,26.50,34,29,3,2,94,23,71,90,2.65,71000,118063068.00,"2013-2014",,"Bundesliga"
202,,3,"Dortmund",31,25.90,34,22,5,7,80,38,42,71,2.09,80297,56291655.00,"2013-2014",,"Bundesliga"
203,,2,"Schalke 04",38,24.60,34,19,7,8,63,43,20,64,1.88,61569,59339815.00,"2013-2014",,"Bundesliga"
204,,5,"Leverkusen",35,25.40,34,19,4,11,60,41,19,61,1.79,28452,39811597.00,"2013-2014",,"Bundesliga"
205,,4,"Wolfsburg",36,25.90,34,18,6,10,63,50,13,60,1.76,50498,54979038.00,"2013-2014",,"Bundesliga"
206,,9,"M'Gladbach",28,25.60,34,16,7,11,59,43,16,55,1.62,52239,26186075.00,"2013-2014",,"Bundesliga"
207,,12,"Mainz 05",32,26.80,34,16,5,13,52,54,-2,53,1.56,30984,20357775.00,"2013-2014",,"Bundesliga"
208,,16,"Augsburg",35,26.70,34,15,7,12,47,47,0,52,1.53,29325,14133042.00,"2013-2014",,"Bundesliga"
209,,10,"Hoffenheim",43,24.00,34,11,11,12,72,70,2,44,1.29,26875,25148618.00,"2013-2014",,"Bundesliga"
210,,,"Hannover 96",,25.70,34,12,6,16,46,59,-13,42,1.24,45635,,"2013-2014",,"Bundesliga"
211,,14,"Hertha BSC",32,26.10,34,11,8,15,40,48,-8,41,1.21,51889,17702989.00,"2013-2014",,"Bundesliga"
212,,7,"Werder Bremen",39,25.80,34,10,9,15,42,66,-24,39,1.15,40657,28498440.00,"2013-2014",,"Bundesliga"
213,,11,"Eint Frankfurt",33,25.60,34,9,9,16,40,57,-17,36,1.06,47053,24784799.00,"2013-2014",,"Bundesliga"
214,,15,"Freiburg",35,23.90,34,9,9,16,43,61,-18,36,1.06,23394,17466554.00,"2013-2014",,"Bundesliga"
215,,8,"Stuttgart",35,24.80,34,8,8,18,49,62,-13,32,0.94,50498,27562895.00,"2013-2014",,"Bundesliga"
216,,6,"Hamburger SV",34,25.00,34,7,6,21,51,75,-24,27,0.79,51825,39484464.00,"2013-2014",,"Bundesliga"
217,,13,"Nürnberg",33,25.90,34,5,11,18,37,70,-33,26,0.76,40412,19235732.00,"2013-2014",,"Bundesliga"
218,,17,"Braunschweig",33,26.00,34,6,7,21,29,60,-31,25,0.74,22780,9707042.00,"2013-2014",,"Bundesliga"
219,,1,"Bayern Munich",33,26.60,34,25,4,5,80,18,62,79,2.32,72882,120336711.00,"2014-2015","70.4","Bundesliga"
220,,3,"Wolfsburg",30,26.10,34,20,9,5,72,38,34,69,2.03,28199,58350259.00,"2014-2015","54.9","Bundesliga"
221,,7,"M'Gladbach",27,25.70,34,19,9,6,53,26,27,66,1.94,50660,27182768.00,"2014-2015","53.5","Bundesliga"
222,,6,"Leverkusen",26,24.90,34,17,10,7,62,37,25,61,1.79,29311,32706352.00,"2014-2015","51.7","Bundesliga"
223,,15,"Augsburg",35,27.60,34,15,4,15,43,43,0,49,1.44,29162,12597242.00,"2014-2015","52.3","Bundesliga"
224,,4,"Schalke 04",36,25.20,34,13,9,12,42,40,2,48,1.41,61569,50191251.00,"2014-2015","51.1","Bundesliga"
225,,2,"Dortmund",37,26.50,34,13,7,14,47,42,5,46,1.35,80424,60922499.00,"2014-2015","55.3","Bundesliga"
226,,8,"Hoffenheim",30,24.80,34,12,8,14,49,55,-6,44,1.29,27183,26738435.00,"2014-2015","49.0","Bundesliga"
227,,10,"Werder Bremen",36,25.70,34,11,10,13,50,65,-15,43,1.26,40859,21429882.00,"2014-2015","43.4","Bundesliga"
228,,13,"Eint Frankfurt",30,25.90,34,11,10,13,56,62,-6,43,1.26,47618,18167705.00,"2014-2015","49.5","Bundesliga"
229,,12,"Mainz 05",37,25.30,34,9,13,12,45,47,-2,40,1.18,31008,18238023.00,"2014-2015","48.9","Bundesliga"
230,,16,"Köln",27,25.10,34,9,13,12,34,40,-6,40,1.18,48329,12101955.00,"2014-2015","42.8","Bundesliga"
231,,,"Hannover 96",,26.00,34,9,10,15,40,56,-16,37,1.09,43459,,"2014-2015","51.3","Bundesliga"
232,,9,"Stuttgart",30,24.90,34,9,9,16,42,60,-18,36,1.06,50713,25911934.00,"2014-2015","47.5","Bundesliga"
233,,11,"Hertha BSC",30,26.20,34,9,8,17,36,52,-16,35,1.03,50185,19060445.00,"2014-2015","40.5","Bundesliga"
234,,5,"Hamburger SV",38,27.30,34,9,8,17,25,50,-25,35,1.03,53252,41018228.00,"2014-2015","46.8","Bundesliga"
235,,14,"Freiburg",30,25.10,34,7,13,14,36,47,-11,34,1.00,23791,13616355.00,"2014-2015","48.4","Bundesliga"
236,,17,"Paderborn 07",28,26.80,34,7,10,17,31,65,-34,31,0.91,14859,7757479.00,"2014-2015","43.2","Bundesliga"
237,,1,"Bayern Munich",34,26.80,34,28,4,2,80,17,63,88,2.59,75000,164596729.00,"2015-2016","70.1","Bundesliga"
238,,3,"Dortmund",30,25.60,34,24,6,4,82,34,48,78,2.29,81178,27503785.00,"2015-2016","63.9","Bundesliga"
239,,5,"Leverkusen",33,24.10,34,18,6,10,56,40,16,60,1.76,29085,75886115.00,"2015-2016","53.1","Bundesliga"
240,,6,"M'Gladbach",29,24.90,34,17,4,13,67,50,17,55,1.62,51715,30333860.00,"2015-2016","56.0","Bundesliga"
241,,4,"Schalke 04",32,24.90,34,15,7,12,51,49,2,52,1.53,61386,20651280.00,"2015-2016","52.2","Bundesliga"
242,,13,"Mainz 05",39,25.00,34,14,8,12,46,42,4,50,1.47,31053,21280070.00,"2015-2016","46.1","Bundesliga"
243,,9,"Hertha BSC",34,26.10,34,14,8,12,42,42,0,50,1.47,49704,12107045.00,"2015-2016","49.7","Bundesliga"
244,,2,"Wolfsburg",35,27.00,34,12,9,13,47,49,-2,45,1.32,28945,29994492.00,"2015-2016","57.6","Bundesliga"
245,,15,"Köln",25,25.10,34,10,13,11,38,42,-4,43,1.26,48676,37434013.00,"2015-2016","45.2","Bundesliga"
246,,7,"Hamburger SV",35,27.10,34,11,8,15,40,46,-6,41,1.21,41246,60605556.00,"2015-2016","48.7","Bundesliga"
247,,16,"Ingolstadt 04",30,26.30,34,10,10,14,33,42,-9,40,1.18,14834,20030638.00,"2015-2016","45.2","Bundesliga"
248,,14,"Augsburg",39,27.40,34,9,11,14,42,52,-10,38,1.12,29017,50962720.00,"2015-2016","46.9","Bundesliga"
249,,12,"Werder Bremen",40,26.60,34,10,8,16,50,65,-15,38,1.12,40935,18104514.00,"2015-2016","44.9","Bundesliga"
250,,17,"Darmstadt 98",30,27.50,34,9,11,14,38,53,-15,38,1.12,16647,34245211.00,"2015-2016","33.2","Bundesliga"
251,,8,"Hoffenheim",31,24.10,34,9,10,15,39,54,-15,37,1.09,27615,22165676.00,"2015-2016","46.1","Bundesliga"
252,,11,"Eint Frankfurt",35,26.70,34,9,9,16,34,52,-18,36,1.06,46676,79402050.00,"2015-2016","48.0","Bundesliga"
253,,10,"Stuttgart",34,26.00,34,9,6,19,50,75,-25,33,0.97,51983,11868574.00,"2015-2016","47.9","Bundesliga"
254,,,"Hannover 96",,25.60,34,7,4,23,31,62,-31,25,0.74,41246,15184764.00,"2015-2016","45.9","Bundesliga"
255,,1,"Bayern Munich",38,27.40,34,27,3,4,92,28,64,84,2.47,75000,185051324.00,"2016-2017","66.1","Bundesliga"
256,,7,"Schalke 04",29,26.10,34,18,9,7,53,37,16,63,1.85,61197,42474540.00,"2016-2017","46.6","Bundesliga"
257,,8,"Hoffenheim",36,25.00,34,15,10,9,66,48,18,55,1.62,28716,39546630.00,"2016-2017","51.2","Bundesliga"
258,,2,"Dortmund",33,25.90,34,15,10,9,64,47,17,55,1.62,79496,84471113.00,"2016-2017","59.1","Bundesliga"
259,,4,"Leverkusen",27,24.00,34,15,10,9,58,44,14,55,1.62,28415,57923248.00,"2016-2017","54.6","Bundesliga"
260,,6,"RB Leipzig",28,23.40,34,15,8,11,57,53,4,53,1.56,39397,43215431.00,"2016-2017","55.0","Bundesliga"
261,,10,"Stuttgart",35,25.60,34,15,6,13,36,36,0,51,1.50,56045,29831438.00,"2016-2017","46.6","Bundesliga"
262,,13,"Eint Frankfurt",36,26.40,34,14,7,13,45,45,0,49,1.44,49159,26256394.00,"2016-2017","47.9","Bundesliga"
263,,5,"M'Gladbach",35,25.70,34,13,8,13,47,52,-5,47,1.38,50986,45530856.00,"2016-2017","52.0","Bundesliga"
264,,14,"Hertha BSC",32,26.40,34,10,13,11,43,46,-3,43,1.26,45319,25994483.00,"2016-2017","46.1","Bundesliga"
265,,12,"Werder Bremen",33,26.30,34,10,12,12,37,40,-3,42,1.24,38726,27785063.00,"2016-2017","47.4","Bundesliga"
266,,17,"Augsburg",33,26.60,34,10,11,13,43,46,-3,41,1.21,28238,16879548.00,"2016-2017","45.7","Bundesliga"
267,,,"Hannover 96",,26.40,34,10,9,15,44,54,-10,39,1.15,42706,,"2016-2017","46.9","Bundesliga"
268,,16,"Mainz 05",33,25.30,34,9,9,16,38,52,-14,36,1.06,28766,18159552.00,"2016-2017","44.4","Bundesliga"
269,,15,"Freiburg",36,24.80,34,8,12,14,32,56,-24,36,1.06,23894,18401082.00,"2016-2017","44.8","Bundesliga"
270,,3,"Wolfsburg",33,25.10,34,6,15,13,36,48,-12,33,0.97,25712,59318416.00,"2016-2017","49.3","Bundesliga"
271,,9,"Hamburger SV",34,25.00,34,8,7,19,29,53,-24,31,0.91,50656,34882158.00,"2016-2017","49.0","Bundesliga"
272,,11,"Köln",38,25.30,34,5,7,22,35,70,-35,22,0.65,48776,29816147.00,"2016-2017","47.4","Bundesliga"
273,,1,"Bayern Munich",38,27.40,34,27,3,4,92,28,64,84,2.47,75000,185051324.00,"2017-2018","66.1","Bundesliga"
274,,7,"Schalke 04",29,26.10,34,18,9,7,53,37,16,63,1.85,61197,42474540.00,"2017-2018","46.6","Bundesliga"
275,,8,"Hoffenheim",36,25.00,34,15,10,9,66,48,18,55,1.62,28716,39546630.00,"2017-2018","51.2","Bundesliga"
276,,2,"Dortmund",33,25.90,34,15,10,9,64,47,17,55,1.62,79496,84471113.00,"2017-2018","59.1","Bundesliga"
277,,4,"Leverkusen",27,24.00,34,15,10,9,58,44,14,55,1.62,28415,57923248.00,"2017-2018","54.6","Bundesliga"
278,,6,"RB Leipzig",28,23.40,34,15,8,11,57,53,4,53,1.56,39397,43215431.00,"2017-2018","55.0","Bundesliga"
279,,10,"Stuttgart",35,25.60,34,15,6,13,36,36,0,51,1.50,56045,29831438.00,"2017-2018","46.6","Bundesliga"
280,,13,"Eint Frankfurt",36,26.40,34,14,7,13,45,45,0,49,1.44,49159,26256394.00,"2017-2018","47.9","Bundesliga"
281,,5,"M'Gladbach",35,25.70,34,13,8,13,47,52,-5,47,1.38,50986,45530856.00,"2017-2018","52.0","Bundesliga"
282,,14,"Hertha BSC",32,26.40,34,10,13,11,43,46,-3,43,1.26,45319,25994483.00,"2017-2018","46.1","Bundesliga"
283,,12,"Werder Bremen",33,26.30,34,10,12,12,37,40,-3,42,1.24,38726,27785063.00,"2017-2018","47.4","Bundesliga"
284,,17,"Augsburg",33,26.60,34,10,11,13,43,46,-3,41,1.21,28238,16879548.00,"2017-2018","45.7","Bundesliga"
285,,,"Hannover 96",,26.40,34,10,9,15,44,54,-10,39,1.15,42706,,"2017-2018","46.9","Bundesliga"
286,,16,"Mainz 05",33,25.30,34,9,9,16,38,52,-14,36,1.06,28766,18159552.00,"2017-2018","44.4","Bundesliga"
287,,15,"Freiburg",36,24.80,34,8,12,14,32,56,-24,36,1.06,23894,18401082.00,"2017-2018","44.8","Bundesliga"
288,,3,"Wolfsburg",33,25.10,34,6,15,13,36,48,-12,33,0.97,25712,59318416.00,"2017-2018","49.3","Bundesliga"
289,,9,"Hamburger SV",34,25.00,34,8,7,19,29,53,-24,31,0.91,50656,34882158.00,"2017-2018","49.0","Bundesliga"
290,,11,"Köln",38,25.30,34,5,7,22,35,70,-35,22,0.65,48776,29816147.00,"2017-2018","47.4","Bundesliga"
291,,1,"Bayern Munich",78,27.40,34,24,6,4,88,32,56,78,2.29,75000,197705635.00,"2018-2019","65.7","Bundesliga"
292,,2,"Dortmund",86,24.80,34,23,7,4,81,44,37,76,2.24,80841,98399310.00,"2018-2019","58.1","Bundesliga"
293,,6,"RB Leipzig",85,24.00,34,19,9,6,63,29,34,66,1.94,38380,55774453.00,"2018-2019","49.6","Bundesliga"
294,,5,"Leverkusen",82,25.30,34,18,4,12,69,52,17,58,1.71,27990,63293461.00,"2018-2019","59.8","Bundesliga"
295,,7,"M'Gladbach",92,26.50,34,16,7,11,55,42,13,55,1.62,49668,46224358.00,"2018-2019","53.1","Bundesliga"
296,,4,"Wolfsburg",98,25.40,34,16,7,11,62,50,12,55,1.62,24479,66851386.00,"2018-2019","53.3","Bundesliga"
297,,8,"Eint Frankfurt",116,26.40,34,15,9,10,60,48,12,54,1.59,49794,38810830.00,"2018-2019","47.2","Bundesliga"
298,,11,"Werder Bremen",94,27.10,34,14,11,9,58,49,9,53,1.56,41403,35825854.00,"2018-2019","52.1","Bundesliga"
299,,9,"Hoffenheim",92,25.50,34,13,12,9,70,52,18,51,1.50,28456,38618219.00,"2018-2019","53.8","Bundesliga"
300,,16,"Düsseldorf",96,26.90,34,13,5,16,49,65,-16,44,1.29,43869,15442091.00,"2018-2019","43.2","Bundesliga"
301,,12,"Hertha BSC",101,25.90,34,11,10,13,49,57,-8,43,1.26,49258,31886479.00,"2018-2019","47.9","Bundesliga"
302,,14,"Mainz 05",96,24.20,34,12,7,15,46,57,-11,43,1.26,26246,21854342.00,"2018-2019","46.1","Bundesliga"
303,,15,"Freiburg",89,25.80,34,8,12,14,46,61,-15,36,1.06,23894,17370250.00,"2018-2019","44.0","Bundesliga"
304,,3,"Schalke 04",93,25.80,34,8,9,17,37,55,-18,33,0.97,60941,71311324.00,"2018-2019","45.4","Bundesliga"
305,,13,"Augsburg",101,26.50,34,8,8,18,51,71,-20,32,0.94,28623,24352183.00,"2018-2019","46.4","Bundesliga"
306,,10,"Stuttgart",88,26.30,34,7,7,20,32,70,-38,28,0.82,54577,37052763.00,"2018-2019","45.9","Bundesliga"
307,,,"Hannover 96",,26.30,34,5,6,23,31,71,-40,21,0.62,38365,,"2018-2019","46.3","Bundesliga"
308,,17,"Nürnberg",85,24.90,34,3,10,21,26,68,-42,19,0.56,40372,11176598.00,"2018-2019","42.4","Bundesliga"
309,,1,"Bayern Munich",76,26.70,34,26,4,4,100,32,68,82,2.41,57353,218212198.00,"2019-2020","65.1","Bundesliga"
310,,2,"Dortmund",83,25.80,34,21,6,7,84,41,43,69,2.03,57297,108861513.00,"2019-2020","60.4","Bundesliga"
311,,3,"RB Leipzig",102,24.20,34,18,12,4,81,37,44,66,1.94,28819,72091964.00,"2019-2020","55.3","Bundesliga"
312,,5,"M'Gladbach",84,26.30,34,20,5,9,66,40,26,65,1.91,36078,55082988.00,"2019-2020","52.4","Bundesliga"
313,,8,"Leverkusen",74,26.10,34,19,6,9,61,44,17,63,1.85,21236,48733923.00,"2019-2020","63.2","Bundesliga"
314,,9,"Hoffenheim",86,26.00,34,15,7,12,53,53,0,52,1.53,20449,48560670.00,"2019-2020","51.6","Bundesliga"
315,,4,"Wolfsburg",82,25.90,34,13,10,11,48,46,2,49,1.44,18621,68147999.00,"2019-2020","48.4","Bundesliga"
316,,17,"Freiburg",84,26.40,34,13,9,12,48,47,1,48,1.41,16888,16917253.00,"2019-2020","48.1","Bundesliga"
317,,10,"Eint Frankfurt",94,27.00,34,13,6,15,59,60,-1,45,1.32,35435,43893140.00,"2019-2020","50.9","Bundesliga"
318,,16,"Union Berlin",96,27.70,34,12,5,17,41,58,-17,41,1.21,15467,21808992.00,"2019-2020","41.9","Bundesliga"
319,,6,"Hertha BSC",97,26.20,34,11,8,15,48,59,-11,41,1.21,37689,51434570.00,"2019-2020","44.7","Bundesliga"
320,,7,"Schalke 04",80,24.60,34,9,12,13,38,58,-20,39,1.15,46681,49559403.00,"2019-2020","49.0","Bundesliga"
321,,14,"Mainz 05",98,24.60,34,11,4,19,44,65,-21,37,1.09,20694,26751683.00,"2019-2020","43.2","Bundesliga"
322,,12,"Köln",87,25.60,34,10,6,18,51,69,-18,36,1.06,35094,39674021.00,"2019-2020","46.7","Bundesliga"
323,,13,"Augsburg",102,26.20,34,9,9,16,45,63,-18,36,1.06,20265,28412836.00,"2019-2020","38.6","Bundesliga"
324,,11,"Werder Bremen",88,26.70,34,8,7,19,42,69,-27,31,0.91,26413,43353010.00,"2019-2020","48.8","Bundesliga"
325,,15,"Düsseldorf",102,27.10,34,6,12,16,36,67,-31,30,0.88,30581,22369505.00,"2019-2020","45.6","Bundesliga"
326,,18,"Paderborn 07",90,25.70,34,4,8,22,37,74,-37,20,0.59,11038,7143974.00,"2019-2020","45.9","Bundesliga"
327,,1,"Bayern Munich",83,27.30,34,24,6,4,99,44,55,78,2.29,15,228861912.00,"2020-2021","60.7","Bundesliga"
328,,6,"RB Leipzig",81,25.00,34,19,8,7,60,32,28,65,1.91,1059,54899548.00,"2020-2021","59.7","Bundesliga"
329,,2,"Dortmund",85,25.60,34,20,4,10,75,46,29,64,1.88,1241,92056361.00,"2020-2021","59.6","Bundesliga"
330,,4,"Wolfsburg",82,25.60,34,17,10,7,61,37,24,61,1.79,538,58975995.00,"2020-2021","51.1","Bundesliga"
331,,8,"Eint Frankfurt",91,27.20,34,16,12,6,69,53,16,60,1.76,853,48591246.00,"2020-2021","53.7","Bundesliga"
332,,5,"Leverkusen",85,25.40,34,14,10,10,53,39,14,52,1.53,355,57274076.00,"2020-2021","59.7","Bundesliga"
333,,16,"Union Berlin",84,27.30,34,12,14,8,50,43,7,50,1.47,912,17630631.00,"2020-2021","44.9","Bundesliga"
334,,7,"M'Gladbach",95,26.90,34,13,10,11,64,56,8,49,1.44,628,50425646.00,"2020-2021","51.7","Bundesliga"
335,,17,"Freiburg",77,26.20,34,12,9,13,52,52,0,45,1.32,188,14746547.00,"2020-2021","47.3","Bundesliga"
336,,15,"Stuttgart",97,24.10,34,12,9,13,56,55,1,45,1.32,978,18873948.00,"2020-2021","51.5","Bundesliga"
337,,9,"Hoffenheim",96,25.70,34,11,10,13,52,54,-2,43,1.26,361,43689319.00,"2020-2021","51.2","Bundesliga"
338,,13,"Mainz 05",91,25.80,34,10,9,15,39,56,-17,39,1.15,221,23623009.00,"2020-2021","40.7","Bundesliga"
339,,14,"Augsburg",81,27.00,34,10,6,18,36,54,-18,36,1.06,353,23358043.00,"2020-2021","41.4","Bundesliga"
340,,10,"Hertha BSC",82,25.40,34,8,11,15,41,52,-11,35,1.03,471,42130079.00,"2020-2021","49.6","Bundesliga"
341,,18,"Arminia",87,26.00,34,9,8,17,26,52,-26,35,1.03,321,9773282.00,"2020-2021","42.3","Bundesliga"
342,,11,"Köln",94,24.90,34,8,9,17,34,60,-26,33,0.97,33,30542780.00,"2020-2021","46.3","Bundesliga"
343,,12,"Werder Bremen",78,26.30,34,7,10,17,36,57,-21,31,0.91,518,30471438.00,"2020-2021","43.9","Bundesliga"
344,,3,"Schalke 04",93,25.90,34,3,7,24,25,86,-61,16,0.47,18,63714862.00,"2020-2021","44.7","Bundesliga"
345,,1,"Bayern Munich",79,26.80,34,24,5,5,97,37,60,77,2.26,33176,243170244.00,"2021-2022","64.5","Bundesliga"
346,,2,"Dortmund",95,25.90,34,22,3,9,85,52,33,69,2.03,41800,91995216.00,"2021-2022","59.2","Bundesliga"
347,,5,"Leverkusen",84,24.40,34,19,7,8,80,47,33,64,1.88,17356,52779797.00,"2021-2022","53.7","Bundesliga"
348,,4,"RB Leipzig",85,25.30,34,17,7,10,72,37,35,58,1.71,22124,55052414.00,"2021-2022","56.1","Bundesliga"
349,,12,"Union Berlin",90,28.30,34,16,9,9,50,44,6,57,1.68,14046,21859946.00,"2021-2022","43.7","Bundesliga"
350,,17,"Freiburg",78,26.50,34,15,10,9,58,46,12,55,1.62,18741,12249724.00,"2021-2022","49.0","Bundesliga"
351,,10,"Köln",90,27.00,34,14,10,10,52,49,3,52,1.53,31965,29493089.00,"2021-2022","54.8","Bundesliga"
352,,13,"Mainz 05",81,26.20,34,13,7,14,50,45,5,46,1.35,17978,17508339.00,"2021-2022","46.5","Bundesliga"
353,,7,"Hoffenheim",96,26.10,34,13,7,14,58,60,-2,46,1.35,11227,41039628.00,"2021-2022","53.2","Bundesliga"
354,,6,"M'Gladbach",80,26.00,34,12,9,13,54,61,-7,45,1.32,26539,48183602.00,"2021-2022","54.0","Bundesliga"
355,,9,"Eint Frankfurt",97,26.20,34,10,12,12,45,49,-4,42,1.24,26162,36698211.00,"2021-2022","49.6","Bundesliga"
356,,3,"Wolfsburg",93,26.00,34,12,6,16,43,54,-11,42,1.24,12018,62705941.00,"2021-2022","50.5","Bundesliga"
357,,15,"Bochum",91,28.00,34,12,6,16,38,52,-14,42,1.24,14236,13768197.00,"2021-2022","44.7","Bundesliga"
358,,11,"Augsburg",89,26.60,34,10,8,16,39,56,-17,38,1.12,15197,24458682.00,"2021-2022","41.5","Bundesliga"
359,,14,"Stuttgart",97,23.00,34,7,12,15,41,59,-18,33,0.97,27052,16040818.00,"2021-2022","50.7","Bundesliga"
360,,8,"Hertha BSC",92,26.70,34,9,6,19,37,71,-34,33,0.97,23500,38175924.00,"2021-2022","43.7","Bundesliga"
361,,18,"Arminia",76,25.80,34,5,13,16,27,53,-26,28,0.82,16773,10833157.00,"2021-2022","40.7","Bundesliga"
362,,16,"Greuther Fürth",92,25.90,34,3,9,22,28,82,-54,18,0.53,7672,12942721.00,"2021-2022","43.6","Bundesliga"
363,0,2,"Juventus",40,27.80,38,27,6,5,71,24,47,87,2.29,38600,93797005.00,"2012-2013",,"SerieA"
364,1,5,"Napoli",41,28.50,38,23,9,6,73,36,37,78,2.05,39636,55297000.00,"2012-2013",,"SerieA"
365,2,3,"Milan",42,26.90,38,21,9,8,67,39,28,72,1.89,43651,91814825.00,"2012-2013",,"SerieA"
366,3,7,"Fiorentina",41,26.80,38,21,7,10,72,44,28,70,1.84,25665,41952750.00,"2012-2013",,"SerieA"
367,4,16,"Udinese",49,26.30,38,18,12,8,59,45,14,66,1.74,15506,21233190.00,"2012-2013",,"SerieA"
368,5,4,"Roma",37,26.00,38,18,8,12,71,56,15,62,1.63,40179,70923037.00,"2012-2013",,"SerieA"
369,6,6,"Lazio",55,29.10,38,18,7,13,51,42,9,61,1.61,31992,54727318.00,"2012-2013",,"SerieA"
370,7,18,"Catania",38,27.90,38,15,11,12,50,46,4,56,1.47,13862,17062985.00,"2012-2013",,"SerieA"
371,8,1,"Inter",55,28.20,38,16,6,16,55,57,-2,54,1.42,46551,94078274.00,"2012-2013",,"SerieA"
372,9,13,"Parma",42,28.10,38,13,10,15,45,46,-1,49,1.29,12740,22968739.00,"2012-2013",,"SerieA"
373,10,19,"Cagliari",34,26.10,38,12,11,15,43,55,-12,47,1.24,8551,14912660.00,"2012-2013",,"SerieA"
374,11,17,"Chievo",47,28.60,38,12,9,17,37,52,-15,45,1.18,11553,18228850.00,"2012-2013",,"SerieA"
375,12,12,"Bologna",49,26.80,38,11,11,16,46,52,-6,44,1.16,21436,26574357.00,"2012-2013",,"SerieA"
376,13,9,"Sampdoria",37,25.00,38,11,10,17,43,51,-8,42,1.11,23123,28876527.00,"2012-2013",,"SerieA"
377,14,11,"Atalanta",43,27.70,38,11,9,18,39,56,-17,40,1.05,15396,27440598.00,"2012-2013",,"SerieA"
378,15,14,"Torino",38,27.70,38,8,16,14,46,55,-9,39,1.03,15615,22103512.00,"2012-2013",,"SerieA"
379,16,8,"Genoa",46,27.70,38,8,14,16,38,52,-14,38,1.00,19740,40235544.00,"2012-2013",,"SerieA"
380,17,10,"Palermo",52,26.90,38,6,14,18,34,54,-20,32,0.84,18287,28836783.00,"2012-2013",,"SerieA"
381,18,15,"Siena",48,28.90,38,9,9,20,36,57,-21,30,0.79,9582,21818162.00,"2012-2013",,"SerieA"
382,19,20,"Pescara",52,25.80,38,6,4,28,27,84,-57,22,0.58,12236,13245394.00,"2012-2013",,"SerieA"
383,0,2,"Juventus",48,28.30,38,33,3,2,80,23,57,102,2.68,38328,82943461.00,"2013-2014",,"SerieA"
384,1,4,"Roma",59,27.50,38,26,7,5,72,25,47,85,2.24,40436,63471293.00,"2013-2014",,"SerieA"
385,2,6,"Napoli",36,27.10,38,23,9,6,77,39,38,78,2.05,40632,52276352.00,"2013-2014",,"SerieA"
386,3,5,"Fiorentina",56,27.70,38,19,8,11,65,44,21,65,1.71,32057,53535974.00,"2013-2014",,"SerieA"
387,4,3,"Inter",63,27.60,38,15,15,8,62,39,23,60,1.58,46246,65966077.00,"2013-2014",,"SerieA"
388,5,9,"Parma",48,29.50,38,15,13,10,58,46,12,58,1.53,13451,23807466.00,"2013-2014",,"SerieA"
389,6,11,"Torino",43,27.10,38,15,12,11,58,48,10,57,1.50,17024,21334085.00,"2013-2014",,"SerieA"
390,7,1,"Milan",47,28.00,38,16,9,13,57,49,8,57,1.50,39874,89816346.00,"2013-2014",,"SerieA"
391,8,7,"Lazio",54,28.00,38,15,11,12,54,54,0,56,1.47,31905,44944861.00,"2013-2014",,"SerieA"
392,9,18,"Hellas Verona",54,28.40,38,16,6,16,62,68,-6,54,1.42,21172,15446676.00,"2013-2014",,"SerieA"
393,10,14,"Atalanta",62,28.40,38,15,5,18,43,51,-8,50,1.32,14194,19020699.00,"2013-2014",,"SerieA"
394,11,12,"Sampdoria",58,25.30,38,12,9,17,48,62,-14,45,1.18,22158,20933571.00,"2013-2014",,"SerieA"
395,12,17,"Udinese",63,25.80,38,12,8,18,46,57,-11,44,1.16,14252,17134324.00,"2013-2014",,"SerieA"
396,13,8,"Genoa",67,27.20,38,11,11,16,41,50,-9,44,1.16,20055,34160620.00,"2013-2014",,"SerieA"
397,14,19,"Cagliari",36,27.20,38,9,12,17,34,53,-19,39,1.03,4194,12952909.00,"2013-2014",,"SerieA"
398,15,15,"Chievo",72,28.90,38,10,6,22,34,54,-20,36,0.95,9149,18592666.00,"2013-2014",,"SerieA"
399,16,10,"Sassuolo",56,26.50,38,9,7,22,43,72,-29,34,0.89,13753,23361100.00,"2013-2014",,"SerieA"
400,17,13,"Catania",54,27.20,38,8,8,22,34,66,-32,32,0.84,15197,19593439.00,"2013-2014",,"SerieA"
401,18,16,"Bologna",64,28.60,38,5,14,19,28,58,-30,29,0.76,21145,18327703.00,"2013-2014",,"SerieA"
402,19,20,"Livorno",48,25.70,38,6,7,25,39,77,-38,25,0.66,10982,11419148.00,"2013-2014",,"SerieA"
403,0,3,"Juventus",35,28.80,38,26,9,3,72,24,48,87,2.29,38553,73759224.00,"2014-2015","56.2","SerieA"
404,1,2,"Roma",43,28.00,38,19,13,6,54,31,23,70,1.84,40135,76339617.00,"2014-2015","57.3","SerieA"
405,2,7,"Lazio",36,28.00,38,21,6,11,71,38,33,69,1.82,34949,33986355.00,"2014-2015","52.2","SerieA"
406,3,6,"Fiorentina",49,27.90,38,18,10,10,61,46,15,64,1.68,30309,46152509.00,"2014-2015","55.9","SerieA"
407,4,5,"Napoli",34,27.00,38,18,9,11,70,54,16,63,1.66,32266,50249338.00,"2014-2015","54.8","SerieA"
408,5,8,"Genoa",48,26.00,38,16,11,11,62,47,15,59,1.55,20045,28844932.00,"2014-2015","50.9","SerieA"
409,6,9,"Sampdoria",41,26.20,38,13,17,8,48,42,6,56,1.47,21745,22757781.00,"2014-2015","50.4","SerieA"
410,7,4,"Inter",44,26.50,38,14,13,11,59,48,11,55,1.45,37270,50265646.00,"2014-2015","56.6","SerieA"
411,8,12,"Torino",45,28.10,38,14,12,12,48,45,3,54,1.42,16689,20407709.00,"2014-2015","49.2","SerieA"
412,9,1,"Milan",47,28.10,38,13,13,12,56,50,6,52,1.37,36661,79048415.00,"2014-2015","51.3","SerieA"
413,11,10,"Sassuolo",41,27.00,38,12,13,13,49,57,-8,49,1.29,12831,21694844.00,"2014-2015","47.0","SerieA"
414,10,15,"Palermo",40,26.80,38,12,13,13,53,55,-2,49,1.29,17481,15936867.00,"2014-2015","49.6","SerieA"
415,12,17,"Hellas Verona",38,29.70,38,11,13,14,49,65,-16,46,1.21,19299,13506284.00,"2014-2015","44.1","SerieA"
416,13,16,"Chievo",40,29.10,38,10,13,15,28,41,-13,43,1.13,10652,14761828.00,"2014-2015","44.8","SerieA"
417,14,20,"Empoli",40,25.10,38,8,18,12,46,52,-6,42,1.11,9229,7449700.00,"2014-2015","49.4","SerieA"
418,15,14,"Udinese",50,26.90,38,10,11,17,43,56,-13,41,1.08,8912,16905018.00,"2014-2015","46.5","SerieA"
419,16,11,"Atalanta",42,28.10,38,7,16,15,38,57,-19,37,0.97,15160,21393189.00,"2014-2015","46.4","SerieA"
420,17,18,"Cagliari",36,25.70,38,8,10,20,48,68,-20,34,0.89,10793,11527168.00,"2014-2015","48.2","SerieA"
421,18,19,"Cesena",37,27.30,38,4,12,22,36,73,-37,24,0.63,16260,8276203.00,"2014-2015","44.4","SerieA"
422,19,13,"Parma",55,28.40,38,6,8,24,33,75,-42,19,0.50,11904,18285917.00,"2014-2015","44.9","SerieA"
423,0,1,"Juventus",36,28.30,38,29,4,5,75,20,55,91,2.39,38662,115615162.00,"2015-2016","56.0","SerieA"
424,1,5,"Napoli",34,26.50,38,25,7,6,80,32,48,82,2.16,38760,85207924.00,"2015-2016","62.6","SerieA"
425,2,3,"Roma",48,26.20,38,23,11,4,83,41,42,80,2.11,35182,71552854.00,"2015-2016","57.7","SerieA"
426,3,4,"Inter",42,26.70,38,20,7,11,50,38,12,67,1.76,45538,22874979.00,"2015-2016","55.0","SerieA"
427,4,7,"Fiorentina",39,27.60,38,18,10,10,60,42,18,64,1.68,28734,40301790.00,"2015-2016","61.0","SerieA"
428,5,11,"Sassuolo",39,27.00,38,16,13,9,49,40,9,61,1.61,11437,62138295.00,"2015-2016","51.1","SerieA"
429,6,2,"Milan",42,26.40,38,15,12,11,49,43,6,57,1.50,37861,74075152.00,"2015-2016","52.9","SerieA"
430,7,6,"Lazio",38,27.60,38,15,9,14,52,52,0,54,1.42,21025,32648264.00,"2015-2016","54.4","SerieA"
431,8,18,"Chievo",40,30.50,38,13,11,14,43,45,-2,50,1.32,11247,38279871.00,"2015-2016","45.3","SerieA"
432,10,8,"Genoa",47,26.70,38,13,7,18,45,48,-3,46,1.21,21359,19147066.00,"2015-2016","50.2","SerieA"
433,9,19,"Empoli",38,25.40,38,12,10,16,40,49,-9,46,1.21,9510,27912448.00,"2015-2016","52.5","SerieA"
434,11,15,"Torino",39,27.60,38,12,9,17,52,55,-3,45,1.18,19392,24322115.00,"2015-2016","47.5","SerieA"
435,12,12,"Atalanta",44,27.80,38,11,12,15,41,47,-6,45,1.18,15945,17915981.00,"2015-2016","48.4","SerieA"
436,13,10,"Bologna",42,27.00,38,11,9,18,33,45,-12,42,1.11,18899,13838514.00,"2015-2016","45.8","SerieA"
437,14,9,"Sampdoria",43,27.50,38,10,10,18,48,61,-13,40,1.05,21974,24523897.00,"2015-2016","49.4","SerieA"
438,15,14,"Palermo",40,26.80,38,10,9,19,38,65,-27,39,1.03,17065,31736154.00,"2015-2016","43.2","SerieA"
439,16,13,"Udinese",43,27.60,38,10,9,19,35,60,-25,39,1.03,16209,8908053.00,"2015-2016","44.4","SerieA"
440,17,17,"Carpi",42,25.90,38,9,11,18,37,57,-20,38,1.00,8968,15102212.00,"2015-2016","38.6","SerieA"
441,18,20,"Frosinone",35,26.50,38,8,7,23,35,76,-41,31,0.82,7288,16371009.00,"2015-2016","39.7","SerieA"
442,19,16,"Hellas Verona",42,27.50,38,5,13,20,34,63,-29,28,0.74,18194,15157246.00,"2015-2016","45.3","SerieA"
443,0,1,"Juventus",33,29.20,38,30,5,3,86,24,62,95,2.50,39316,143995386.00,"2016-2017","57.2","SerieA"
444,1,3,"Napoli",40,28.00,38,28,7,3,77,29,48,91,2.39,43050,79226760.00,"2016-2017","63.4","SerieA"
445,2,5,"Roma",47,27.40,38,23,8,7,61,28,33,77,2.03,37450,74892476.00,"2016-2017","58.0","SerieA"
446,3,4,"Inter",34,27.60,38,20,12,6,66,30,36,72,1.89,57529,78903702.00,"2016-2017","57.1","SerieA"
447,4,6,"Lazio",44,26.50,38,21,9,8,89,49,40,72,1.89,30990,59492678.00,"2016-2017","51.1","SerieA"
448,5,2,"Milan",42,25.00,38,18,10,10,56,42,14,64,1.68,52690,107881122.00,"2016-2017","56.0","SerieA"
449,6,14,"Atalanta",37,25.70,38,16,12,10,57,39,18,60,1.58,17921,23197016.00,"2016-2017","55.4","SerieA"
450,7,8,"Fiorentina",41,25.00,38,16,9,13,54,46,8,57,1.50,26092,32216154.00,"2016-2017","52.6","SerieA"
451,8,11,"Torino",51,28.10,38,13,15,10,54,46,8,54,1.42,18596,28200854.00,"2016-2017","51.1","SerieA"
452,9,7,"Sampdoria",39,27.00,38,16,6,16,56,60,-4,54,1.42,20156,35713748.00,"2016-2017","53.6","SerieA"
453,10,10,"Sassuolo",39,27.20,38,11,10,17,29,59,-30,43,1.13,11237,31343797.00,"2016-2017","42.9","SerieA"
454,11,9,"Genoa",44,27.90,38,11,8,19,33,43,-10,41,1.08,20941,31751443.00,"2016-2017","46.3","SerieA"
455,12,19,"Chievo",36,30.30,38,10,10,18,36,59,-23,40,1.05,12540,13555204.00,"2016-2017","44.4","SerieA"
456,13,18,"Udinese",46,26.50,38,12,4,22,48,63,-15,40,1.05,17906,17626553.00,"2016-2017","44.7","SerieA"
457,14,12,"Bologna",41,26.80,38,11,6,21,40,52,-12,39,1.03,20903,24054088.00,"2016-2017","46.8","SerieA"
458,15,13,"Cagliari",41,27.10,38,11,6,21,33,61,-28,39,1.03,14685,23754471.00,"2016-2017","45.3","SerieA"
459,16,15,"SPAL",42,26.70,38,8,14,16,39,59,-20,38,1.00,12067,20110131.00,"2016-2017","44.7","SerieA"
460,17,20,"Crotone",40,25.60,38,9,8,21,40,66,-26,35,0.92,10581,10502963.00,"2016-2017","39.9","SerieA"
461,18,16,"Hellas Verona",41,25.90,38,7,4,27,30,78,-48,25,0.66,17333,18186047.00,"2016-2017","41.9","SerieA"
462,19,17,"Benevento",49,26.00,38,6,3,29,33,84,-51,21,0.55,12132,18062733.00,"2016-2017","47.5","SerieA"
463,0,1,"Juventus",33,29.20,38,30,5,3,86,24,62,95,2.50,39316,143995386.00,"2017-2018","57.2","SerieA"
464,1,3,"Napoli",40,28.00,38,28,7,3,77,29,48,91,2.39,43050,79226760.00,"2017-2018","63.4","SerieA"
465,2,5,"Roma",47,27.40,38,23,8,7,61,28,33,77,2.03,37450,74892476.00,"2017-2018","58.0","SerieA"
466,3,4,"Inter",34,27.60,38,20,12,6,66,30,36,72,1.89,57529,78903702.00,"2017-2018","57.1","SerieA"
467,4,6,"Lazio",44,26.50,38,21,9,8,89,49,40,72,1.89,30990,59492678.00,"2017-2018","51.1","SerieA"
468,5,2,"Milan",42,25.00,38,18,10,10,56,42,14,64,1.68,52690,107881122.00,"2017-2018","56.0","SerieA"
469,6,14,"Atalanta",37,25.70,38,16,12,10,57,39,18,60,1.58,17921,23197016.00,"2017-2018","55.4","SerieA"
470,7,8,"Fiorentina",41,25.00,38,16,9,13,54,46,8,57,1.50,26092,32216154.00,"2017-2018","52.6","SerieA"
471,8,11,"Torino",51,28.10,38,13,15,10,54,46,8,54,1.42,18596,28200854.00,"2017-2018","51.1","SerieA"
472,9,7,"Sampdoria",39,27.00,38,16,6,16,56,60,-4,54,1.42,20156,35713748.00,"2017-2018","53.6","SerieA"
473,10,10,"Sassuolo",39,27.20,38,11,10,17,29,59,-30,43,1.13,11237,31343797.00,"2017-2018","42.9","SerieA"
474,11,9,"Genoa",44,27.90,38,11,8,19,33,43,-10,41,1.08,20941,31751443.00,"2017-2018","46.3","SerieA"
475,12,19,"Chievo",36,30.30,38,10,10,18,36,59,-23,40,1.05,12540,13555204.00,"2017-2018","44.4","SerieA"
476,13,18,"Udinese",46,26.50,38,12,4,22,48,63,-15,40,1.05,17906,17626553.00,"2017-2018","44.7","SerieA"
477,14,12,"Bologna",41,26.80,38,11,6,21,40,52,-12,39,1.03,20903,24054088.00,"2017-2018","46.8","SerieA"
478,15,13,"Cagliari",41,27.10,38,11,6,21,33,61,-28,39,1.03,14685,23754471.00,"2017-2018","45.3","SerieA"
479,16,15,"SPAL",42,26.70,38,8,14,16,39,59,-20,38,1.00,12067,20110131.00,"2017-2018","44.7","SerieA"
480,17,20,"Crotone",40,25.60,38,9,8,21,40,66,-26,35,0.92,10581,10502963.00,"2017-2018","39.9","SerieA"
481,18,16,"Hellas Verona",41,25.90,38,7,4,27,30,78,-48,25,0.66,17333,18186047.00,"2017-2018","41.9","SerieA"
482,19,17,"Benevento",49,26.00,38,6,3,29,33,84,-51,21,0.55,12132,18062733.00,"2017-2018","47.5","SerieA"
483,0,1,"Juventus",109,28.00,38,28,6,4,70,30,40,90,2.37,37799,241842338.00,"2018-2019","55.9","SerieA"
484,1,5,"Napoli",100,27.00,38,24,7,7,74,36,38,79,2.08,29003,96761594.00,"2018-2019","59.1","SerieA"
485,2,11,"Atalanta",131,26.50,38,20,9,9,77,46,31,69,1.82,18301,39629172.00,"2018-2019","57.3","SerieA"
486,3,3,"Inter",111,27.70,38,20,9,9,57,33,24,69,1.82,57405,120793266.00,"2018-2019","59.4","SerieA"
487,4,2,"Milan",98,24.80,38,19,11,8,55,36,19,68,1.79,54651,145420105.00,"2018-2019","54.1","SerieA"
488,5,4,"Roma",105,27.50,38,18,12,8,66,48,18,66,1.74,38622,107072966.00,"2018-2019","51.4","SerieA"
489,6,7,"Torino",102,27.60,38,16,15,7,52,37,15,63,1.66,21323,45529833.00,"2018-2019","51.1","SerieA"
490,7,6,"Lazio",122,27.90,38,17,8,13,56,46,10,59,1.55,33997,66339071.00,"2018-2019","50.8","SerieA"
491,8,10,"Sampdoria",112,26.10,38,15,8,15,60,51,9,53,1.39,20263,39825859.00,"2018-2019","54.9","SerieA"
492,9,9,"Bologna",98,27.00,38,11,11,16,48,56,-8,44,1.16,21237,41332111.00,"2018-2019","44.9","SerieA"
493,11,14,"Udinese",113,25.30,38,11,10,17,39,53,-14,43,1.13,20414,35928779.00,"2018-2019","42.6","SerieA"
494,10,13,"Sassuolo",115,25.40,38,9,16,13,53,60,-7,43,1.13,12369,37041649.00,"2018-2019","53.8","SerieA"
495,12,17,"SPAL",104,27.80,38,11,9,18,44,56,-12,42,1.11,14745,24938687.00,"2018-2019","50.4","SerieA"
496,13,16,"Parma",127,29.40,38,10,11,17,41,61,-20,41,1.08,16522,25379957.00,"2018-2019","37.7","SerieA"
497,14,15,"Cagliari",92,27.90,38,10,11,17,36,54,-18,41,1.08,15396,32685967.00,"2018-2019","49.8","SerieA"
498,15,8,"Fiorentina",102,24.10,38,8,17,13,47,45,2,41,1.08,31178,43731097.00,"2018-2019","50.4","SerieA"
499,16,12,"Genoa",117,26.00,38,8,14,16,39,57,-18,38,1.00,20950,38899485.00,"2018-2019","43.4","SerieA"
500,17,20,"Empoli",109,26.40,38,10,8,20,51,70,-19,38,1.00,9620,20031658.00,"2018-2019","47.9","SerieA"
501,18,19,"Frosinone",95,26.40,38,5,10,23,29,69,-40,25,0.66,12656,22931028.00,"2018-2019","41.5","SerieA"
502,19,18,"Chievo",126,28.30,38,2,14,22,25,75,-50,17,0.45,12142,24632944.00,"2018-2019","43.3","SerieA"
503,0,1,"Juventus",77,28.60,38,26,5,7,76,43,33,83,2.18,25102,260423805.00,"2019-2020","58.1","SerieA"
504,1,2,"Inter",83,27.70,38,24,10,4,81,36,45,82,2.16,41558,118848807.00,"2019-2020","54.2","SerieA"
505,2,13,"Atalanta",70,27.20,38,23,9,6,98,48,50,78,2.05,11167,37523695.00,"2019-2020","57.2","SerieA"
506,3,6,"Lazio",95,27.90,38,24,6,8,79,42,37,78,2.05,26363,65335254.00,"2019-2020","50.4","SerieA"
507,4,3,"Roma",83,26.90,38,21,7,10,77,51,26,70,1.84,26956,118094664.00,"2019-2020","52.7","SerieA"
508,5,4,"Milan",86,24.60,38,19,9,10,63,46,17,66,1.74,34078,107200360.00,"2019-2020","54.9","SerieA"
509,6,5,"Napoli",82,26.90,38,18,8,12,61,50,11,62,1.63,21622,102909901.00,"2019-2020","59.2","SerieA"
510,7,16,"Sassuolo",84,26.40,38,14,9,15,69,63,6,51,1.34,7704,31429407.00,"2019-2020","57.5","SerieA"
511,9,8,"Fiorentina",87,25.10,38,12,13,13,51,48,3,49,1.29,22486,48682965.00,"2019-2020","47.4","SerieA"
512,10,17,"Parma",80,28.80,38,14,7,17,56,57,-1,49,1.29,10245,29289270.00,"2019-2020","43.8","SerieA"
513,8,18,"Hellas Verona",100,26.10,38,12,13,13,47,51,-4,49,1.29,11248,27872708.00,"2019-2020","49.8","SerieA"
514,11,12,"Bologna",73,27.20,38,12,11,15,52,65,-13,47,1.24,15774,37584840.00,"2019-2020","52.6","SerieA"
515,12,19,"Udinese",75,26.50,38,12,9,17,37,51,-14,45,1.18,13841,20983512.00,"2019-2020","44.7","SerieA"
516,13,10,"Cagliari",81,27.40,38,11,12,15,52,56,-4,45,1.18,10728,43668940.00,"2019-2020","45.7","SerieA"
517,14,11,"Sampdoria",85,26.00,38,12,6,20,48,65,-17,42,1.11,13700,37880380.00,"2019-2020","42.7","SerieA"
518,15,9,"Torino",78,27.30,38,11,7,20,46,68,-22,40,1.05,13338,47164491.00,"2019-2020","47.4","SerieA"
519,16,7,"Genoa",89,26.80,38,10,9,19,47,73,-26,39,1.03,14016,48723731.00,"2019-2020","49.5","SerieA"
520,17,14,"Lecce",96,28.70,38,9,8,21,52,85,-33,35,0.92,15939,32937690.00,"2019-2020","44.8","SerieA"
521,18,20,"Brescia",81,25.60,38,6,7,25,35,79,-44,25,0.66,10050,16499416.00,"2019-2020","40.6","SerieA"
522,19,15,"SPAL",92,27.50,38,5,5,28,27,77,-50,20,0.53,8241,31531319.00,"2019-2020","46.9","SerieA"
523,0,2,"Inter",79,27.70,38,28,7,3,89,35,54,91,2.39,158,141534233.00,"2020-2021","52.5","SerieA"
524,1,6,"Milan",82,24.40,38,24,7,7,74,41,33,79,2.08,105,85951884.00,"2020-2021","51.7","SerieA"
525,2,10,"Atalanta",81,27.30,38,23,9,6,90,47,43,78,2.05,105,45014164.00,"2020-2021","54.6","SerieA"
526,3,1,"Juventus",72,27.70,38,23,9,6,77,38,39,78,2.05,105,220260613.00,"2020-2021","56.9","SerieA"
527,4,4,"Napoli",74,27.10,38,24,5,9,86,41,45,77,2.03,105,109472983.00,"2020-2021","55.1","SerieA"
528,5,5,"Lazio",95,29.40,38,21,5,12,61,55,6,68,1.79,158,88835968.00,"2020-2021","53.0","SerieA"
529,6,3,"Roma",85,26.70,38,18,8,12,68,58,10,62,1.63,105,115332872.00,"2020-2021","52.2","SerieA"
530,7,15,"Sassuolo",85,26.50,38,17,11,10,64,56,8,62,1.63,134,32234502.00,"2020-2021","60.3","SerieA"
531,8,16,"Sampdoria",79,27.90,38,15,7,16,52,54,-2,52,1.37,105,31154244.00,"2020-2021","45.2","SerieA"
532,9,18,"Hellas Verona",102,26.20,38,11,12,15,46,48,-2,45,1.18,579,29656151.00,"2020-2021","49.8","SerieA"
533,10,12,"Genoa",102,28.30,38,10,12,16,47,58,-11,42,1.11,53,41763197.00,"2020-2021","44.8","SerieA"
534,11,13,"Bologna",90,27.20,38,10,11,17,51,65,-14,41,1.08,105,36494391.00,"2020-2021","50.8","SerieA"
535,12,8,"Fiorentina",81,26.60,38,9,13,16,47,59,-12,40,1.05,105,52881707.00,"2020-2021","46.3","SerieA"
536,13,17,"Udinese",96,27.20,38,10,10,18,42,58,-16,40,1.05,158,30328763.00,"2020-2021","46.3","SerieA"
537,14,19,"Spezia",106,25.20,38,9,12,17,52,72,-20,39,1.03,105,20504529.00,"2020-2021","51.9","SerieA"
538,15,7,"Cagliari",88,26.50,38,9,10,19,43,59,-16,37,0.97,105,60891926.00,"2020-2021","44.8","SerieA"
539,16,9,"Torino",84,26.90,38,7,16,15,50,69,-19,37,0.97,105,50925013.00,"2020-2021","47.3","SerieA"
540,17,14,"Benevento",94,28.70,38,7,12,19,40,75,-35,33,0.87,158,33029412.00,"2020-2021","42.6","SerieA"
541,18,20,"Crotone",93,27.80,38,6,5,27,45,92,-47,23,0.61,53,19352928.00,"2020-2021","46.3","SerieA"
542,19,11,"Parma",109,28.00,38,3,11,24,39,83,-44,20,0.53,158,42079122.00,"2020-2021","47.8","SerieA"
543,0,5,"Milan",86,25.60,38,26,8,4,69,31,38,86,2.26,44015,89263995.00,"2021-2022","54.0","SerieA"
544,1,2,"Inter",81,28.90,38,25,9,4,84,32,52,84,2.21,44473,156372498.00,"2021-2022","56.5","SerieA"
545,2,3,"Napoli",78,27.90,38,24,7,7,74,31,43,79,2.08,28119,105416919.00,"2021-2022","58.3","SerieA"
546,3,1,"Juventus",76,27.40,38,20,10,8,57,37,20,70,1.84,22621,184408264.00,"2021-2022","51.5","SerieA"
547,4,6,"Lazio",90,29.00,38,18,10,10,77,58,19,64,1.68,23263,79939123.00,"2021-2022","55.4","SerieA"
548,5,4,"Roma",93,26.40,38,18,9,11,59,43,16,63,1.66,41929,101452572.00,"2021-2022","51.4","SerieA"
549,6,7,"Fiorentina",85,26.40,38,19,5,14,59,51,8,62,1.63,21107,59821859.00,"2021-2022","57.7","SerieA"
550,7,9,"Atalanta",76,27.50,38,16,11,11,65,48,17,59,1.55,10447,47235829.00,"2021-2022","55.0","SerieA"
551,8,19,"Hellas Verona",85,26.80,38,14,11,13,65,59,6,53,1.39,13894,21900711.00,"2021-2022","50.6","SerieA"
552,10,15,"Sassuolo",86,26.10,38,13,11,14,64,66,-2,50,1.32,8362,28290540.00,"2021-2022","54.9","SerieA"
553,9,8,"Torino",88,25.20,38,13,11,14,46,41,5,50,1.32,9846,54573434.00,"2021-2022","53.3","SerieA"
554,11,18,"Udinese",86,26.20,38,11,14,13,61,58,3,47,1.24,12144,22838290.00,"2021-2022","42.7","SerieA"
555,12,14,"Bologna",90,26.60,38,12,10,16,44,55,-11,46,1.21,14158,30705835.00,"2021-2022","50.6","SerieA"
556,13,12,"Empoli",87,24.50,38,10,11,17,50,70,-20,41,1.08,6356,37635795.00,"2021-2022","47.4","SerieA"
557,14,11,"Sampdoria",86,29.00,38,10,6,22,46,63,-17,36,0.95,9417,38216686.00,"2021-2022","46.1","SerieA"
558,15,20,"Spezia",89,24.40,38,10,6,22,41,71,-30,36,0.95,6709,16876489.00,"2021-2022","42.7","SerieA"
559,16,16,"Salernitana",102,27.70,38,7,10,21,33,78,-45,31,0.82,15073,23490524.00,"2021-2022","41.2","SerieA"
560,17,13,"Cagliari",86,26.50,38,6,12,20,34,68,-34,30,0.79,9718,34405212.00,"2021-2022","44.5","SerieA"
561,18,10,"Genoa",106,27.00,38,4,16,18,27,60,-33,28,0.74,12326,43108428.00,"2021-2022","43.9","SerieA"
562,19,17,"Venezia",105,26.10,38,6,9,23,34,69,-35,27,0.71,6648,23368232.00,"2021-2022","42.3","SerieA"
563,,1,"Paris S-G",35,26.10,38,29,6,3,108,29,79,93,2.45,46930,206435344.00,"2017-2018","66.3","Ligue1"
564,,2,"Monaco",38,25.80,38,24,8,6,85,45,40,80,2.11,9243,69656287.00,"2017-2018","50.9","Ligue1"
565,,4,"Lyon",34,24.40,38,23,9,6,87,43,44,78,2.05,44047,37781525.00,"2017-2018","55.6","Ligue1"
566,,3,"Marseille",29,27.20,38,22,11,5,80,47,33,77,2.03,46616,53281198.00,"2017-2018","57.8","Ligue1"
567,,11,"Rennes",35,24.20,38,16,10,12,50,44,6,58,1.53,23111,14425526.00,"2017-2018","49.9","Ligue1"
568,,8,"Bordeaux",37,25.10,38,16,7,15,53,48,5,55,1.45,26048,19977645.00,"2017-2018","50.6","Ligue1"
569,,7,"Saint-Étienne",40,26.60,38,15,10,13,47,50,-3,55,1.45,27563,20871408.00,"2017-2018","51.3","Ligue1"
570,,6,"Nice",39,25.00,38,15,9,14,53,52,1,54,1.42,22876,22226825.00,"2017-2018","58.1","Ligue1"
571,,10,"Nantes",36,25.60,38,14,10,14,36,41,-5,52,1.37,24559,1563490.00,"2017-2018","43.7","Ligue1"
572,,14,"Montpellier",30,26.40,38,11,18,9,36,33,3,51,1.34,13458,12235453.00,"2017-2018","47","Ligue1"
573,,15,"Dijon",35,26.60,38,13,9,16,55,73,-18,48,1.26,12228,11215324.00,"2017-2018","48.4","Ligue1"
574,,19,"Guingamp",30,27.20,38,12,11,15,48,59,-11,47,1.24,14502,9388060.00,"2017-2018","49.7","Ligue1"
575,,13,"Amiens",34,27.50,38,12,9,17,37,42,-5,45,1.18,9521,12565645.00,"2017-2018","43.3","Ligue1"
576,,18,"Angers",33,27.10,38,9,14,15,42,52,-10,41,1.08,11065,10323602.00,"2017-2018","45.1","Ligue1"
577,,16,"Strasbourg",31,27.20,38,9,11,18,44,67,-23,38,1.00,24064,1110479.00,"2017-2018","49.1","Ligue1"
578,,17,"Caen",33,27.30,38,10,8,20,27,52,-25,38,1.00,17187,10658893.00,"2017-2018","45.5","Ligue1"
579,,5,"Lille",32,22.60,38,10,8,20,41,67,-26,38,1.00,31453,27601617.00,"2017-2018","53.8","Ligue1"
580,,9,"Toulouse",28,23.90,38,9,10,19,38,54,-16,37,0.97,16929,19101212.00,"2017-2018","45.7","Ligue1"
581,,20,"Troyes",30,26.70,38,9,6,23,32,59,-27,33,0.87,11723,71300.00,"2017-2018","42.6","Ligue1"
582,,12,"Metz",44,27.40,38,6,8,24,34,76,-42,26,0.68,14844,13454314.00,"2017-2018","45.5","Ligue1"
583,,1,"Paris S-G",94,26.20,38,29,4,5,105,35,70,91,2.39,46911,204733422.00,"2018-2019","63.7","Ligue1"
584,,6,"Lille",78,24.10,38,22,9,7,68,33,35,75,1.97,34079,28493341.00,"2018-2019","51.4","Ligue1"
585,,4,"Lyon",90,24.40,38,21,9,8,70,47,23,72,1.89,49079,4938638.00,"2018-2019","60.4","Ligue1"
586,,8,"Saint-Étienne",91,27.80,38,19,9,10,59,41,18,66,1.74,28400,23534345.00,"2018-2019","52.5","Ligue1"
587,,3,"Marseille",87,26.90,38,18,7,13,60,52,8,61,1.61,50140,76745228.00,"2018-2019","55.2","Ligue1"
588,,15,"Montpellier",80,28.00,38,15,14,9,53,42,11,59,1.55,13829,13483867.00,"2018-2019","48","Ligue1"
589,,5,"Nice",94,24.20,38,15,11,12,30,35,-5,56,1.47,19126,30659976.00,"2018-2019","54.8","Ligue1"
590,,16,"Reims",92,26.20,38,13,16,9,39,42,-3,55,1.45,14342,13438006.00,"2018-2019","43.6","Ligue1"
591,,20,"Nîmes",84,24.10,38,15,8,15,57,58,-1,53,1.39,13994,976207.00,"2018-2019","45.7","Ligue1"
592,,7,"Rennes",96,25.70,38,13,13,12,55,52,3,52,1.37,23675,27188881.00,"2018-2019","50.6","Ligue1"
593,,14,"Strasbourg",88,26.20,38,11,16,11,58,48,10,49,1.29,25216,13944506.00,"2018-2019","50.1","Ligue1"
594,,10,"Nantes",97,25.90,38,13,9,16,48,48,0,48,1.26,25185,23244917.00,"2018-2019","50.1","Ligue1"
595,,13,"Angers",90,28.00,38,10,16,12,44,49,-5,46,1.21,11189,15889986.00,"2018-2019","43.3","Ligue1"
596,,9,"Bordeaux",91,25.30,38,10,11,17,34,42,-8,41,1.08,20838,23292819.00,"2018-2019","50.1","Ligue1"
597,,19,"Amiens",86,26.50,38,9,11,18,31,52,-21,38,1.00,11043,11551631.00,"2018-2019","46.5","Ligue1"
598,,11,"Toulouse",95,25.50,38,8,14,16,35,57,-22,38,1.00,16224,18778150.00,"2018-2019","48.2","Ligue1"
599,,2,"Monaco",116,25.60,38,8,12,18,38,57,-19,36,0.95,8447,83710853.00,"2018-2019","49.8","Ligue1"
600,,18,"Dijon",83,27.10,38,9,7,22,31,60,-29,34,0.89,13044,12606411.00,"2018-2019","47.9","Ligue1"
601,,17,"Caen",91,25.80,38,7,12,19,29,54,-25,33,0.87,16654,12661444.00,"2018-2019","44","Ligue1"
602,,12,"Guingamp",86,26.00,38,5,12,21,28,68,-40,27,0.71,14731,16751140.00,"2018-2019","44.1","Ligue1"
603,,6,"Lille",74,25.40,38,24,11,3,64,23,41,83,2.18,209,27801367.00,"2019-2020","53.8","Ligue1"
604,,1,"Paris S-G",96,26.70,38,26,4,8,86,28,58,82,2.16,,247175346.00,"2019-2020","63.1","Ligue1"
605,,2,"Monaco",89,24.80,38,24,6,8,76,42,34,78,2.05,,6154978.00,"2019-2020","55.8","Ligue1"
606,,3,"Lyon",78,25.80,38,22,10,6,81,43,38,76,2.00,231,56489360.00,"2019-2020","54.9","Ligue1"
607,,4,"Marseille",98,27.20,38,16,12,10,54,47,7,60,1.58,,54145401.00,"2019-2020","53.6","Ligue1"
608,,5,"Rennes",77,25.50,38,16,10,12,52,40,12,58,1.53,,29493093.00,"2019-2020","59.1","Ligue1"
609,,19,"Lens",83,26.40,38,15,12,11,55,54,1,57,1.50,,8662447.00,"2019-2020","51.1","Ligue1"
610,,11,"Montpellier",87,28.00,38,14,12,12,60,62,-2,54,1.42,,16112152.00,"2019-2020","45.7","Ligue1"
611,,8,"Nice",81,23.50,38,15,7,16,50,53,-3,52,1.37,,23806448.00,"2019-2020","54.3","Ligue1"
612,,16,"Metz",84,25.70,38,12,11,15,44,48,-4,47,1.24,498,9742707.00,"2019-2020","45.2","Ligue1"
613,,9,"Saint-Étienne",85,25.40,38,12,10,16,42,54,-12,46,1.21,,20372045.00,"2019-2020","48.3","Ligue1"
614,,7,"Bordeaux",76,27.60,38,13,6,19,42,56,-14,45,1.18,,2529381.00,"2019-2020","49.8","Ligue1"
615,,12,"Angers",94,27.90,38,12,8,18,40,58,-18,44,1.16,,14512148.00,"2019-2020","46.4","Ligue1"
616,,17,"Reims",72,24.60,38,9,15,14,42,50,-8,42,1.11,,9722323.00,"2019-2020","44.9","Ligue1"
617,,13,"Strasbourg",76,26.80,38,11,9,18,49,58,-9,42,1.11,,14287947.00,"2019-2020","45.7","Ligue1"
618,,18,"Lorient",85,26.80,38,11,9,18,50,68,-18,42,1.11,,9508312.00,"2019-2020","44.6","Ligue1"
619,,15,"Brest",81,24.90,38,11,8,19,50,66,-16,41,1.08,,10221691.00,"2019-2020","49.3","Ligue1"
620,,10,"Nantes",80,25.80,38,9,13,16,47,55,-8,40,1.05,,19159301.00,"2019-2020","43.9","Ligue1"
621,,20,"Nîmes",90,25.80,38,9,8,21,40,71,-31,35,0.92,,8458630.00,"2019-2020","44.4","Ligue1"
622,,14,"Dijon",83,25.70,38,4,9,25,25,73,-48,21,0.55,,10873920.00,"2019-2020","46.2","Ligue1"
623,,1,"Paris S-G",108,27.80,38,26,8,4,90,36,54,86,2.26,41589,440969630.00,"2020-2021","63","Ligue1"
624,,3,"Marseille",89,25.00,38,21,8,9,63,38,25,71,1.87,51755,56774712.00,"2020-2021","61.7","Ligue1"
625,,4,"Monaco",88,24.40,38,20,9,9,65,40,25,69,1.82,5877,53849858.00,"2020-2021","54.1","Ligue1"
626,,8,"Rennes",83,25.30,38,20,6,12,82,40,42,66,1.74,25493,24377150.00,"2020-2021","55.9","Ligue1"
627,,5,"Nice",82,25.00,38,20,7,11,52,36,16,66,1.74,16055,29656151.00,"2020-2021","51.5","Ligue1"
628,,11,"Strasbourg",77,27.00,38,17,12,9,60,43,17,63,1.66,23555,1494315.00,"2020-2021","49.5","Ligue1"
629,,18,"Lens",80,26.10,38,17,11,10,62,48,14,62,1.63,28950,1038249.00,"2020-2021","50.7","Ligue1"
630,,2,"Lyon",88,25.60,38,17,11,10,66,51,15,61,1.61,32329,69656285.00,"2020-2021","58.4","Ligue1"
631,,10,"Nantes",84,26.10,38,15,10,13,55,48,7,55,1.45,20803,19352931.00,"2020-2021","43.9","Ligue1"
632,,6,"Lille",77,26.10,38,14,13,11,48,48,0,55,1.45,34346,28637040.00,"2020-2021","50.8","Ligue1"
633,,16,"Brest",80,25.40,38,13,9,16,49,57,-8,48,1.26,11804,10670099.00,"2020-2021","43.9","Ligue1"
634,,15,"Reims",84,24.00,38,11,13,14,43,44,-1,46,1.21,11071,10843344.00,"2020-2021","42.2","Ligue1"
635,,12,"Montpellier",75,25.80,38,12,7,19,49,61,-12,43,1.13,10711,12555455.00,"2020-2021","48.2","Ligue1"
636,,13,"Angers",81,27.40,38,10,11,17,44,55,-11,41,1.08,7758,12382204.00,"2020-2021","48.4","Ligue1"
637,,14,"Troyes",105,27.10,38,9,11,18,37,53,-16,38,1.00,9491,10935068.00,"2020-2021","44.4","Ligue1"
638,,19,"Lorient",85,26.20,38,8,12,18,35,63,-28,36,0.95,12738,9182194.00,"2020-2021","44.4","Ligue1"
639,,20,"Clermont Foot",89,26.90,38,9,9,20,38,69,-31,36,0.95,10569,4912120.00,"2020-2021","50","Ligue1"
640,,9,"Saint-Étienne",91,25.10,38,7,11,20,42,77,-35,32,0.84,21806,20718543.00,"2020-2021","48.5","Ligue1"
641,,17,"Metz",93,25.90,38,6,13,19,35,69,-34,31,0.82,14876,10445894.00,"2020-2021","42.9","Ligue1"
642,,7,"Bordeaux",93,25.70,38,6,13,19,52,91,-39,31,0.82,22141,28198819.00,"2020-2021","47.4","Ligue1"
643,,1,"Paris S-G",32,27.50,30,22,3,5,70,29,41,69,2.30,40067,372233147.00,"2021-2022","60.3","Ligue1"
644,,13,"Lens",25,27.00,30,18,9,3,50,22,28,63,2.10,37577,724357.00,"2021-2022","56.5","Ligue1"
645,,2,"Marseille",28,27.90,30,18,7,5,54,29,25,61,2.03,62532,49776705.00,"2021-2022","55.6","Ligue1"
646,,3,"Monaco",28,25.40,30,17,7,6,63,42,21,58,1.93,6931,44263068.00,"2021-2022","49.1","Ligue1"
647,,6,"Lille",25,26.70,30,15,7,8,54,38,16,52,1.73,33048,16868075.00,"2021-2022","59.6","Ligue1"
648,,7,"Rennes",28,25.90,30,15,5,10,48,33,15,50,1.67,25734,15607541.00,"2021-2022","54.7","Ligue1"
649,,4,"Lyon",27,26.30,30,13,8,9,47,33,14,47,1.57,40814,37392668.00,"2021-2022","58","Ligue1"
650,,10,"Reims",27,25.60,30,11,14,5,40,29,11,47,1.57,10805,8737143.00,"2021-2022","47.1","Ligue1"
651,,5,"Nice",27,27.40,30,11,12,7,38,28,10,45,1.50,18650,28530433.00,"2021-2022","51.2","Ligue1"
652,,16,"Lorient",25,25.90,30,12,9,9,42,40,2,45,1.50,13515,5186477.00,"2021-2022","45.3","Ligue1"
653,,19,"Clermont Foot",26,27.80,30,11,7,12,31,41,-10,40,1.33,10428,2395978.00,"2021-2022","48.8","Ligue1"
654,,15,"Toulouse",26,25.90,30,11,5,14,46,52,-6,38,1.27,22932,5475148.00,"2021-2022","51","Ligue1"
655,,11,"Montpellier",27,26.60,30,11,4,15,46,50,-4,37,1.23,11710,8486961.00,"2021-2022","46.8","Ligue1"
656,,8,"Nantes",27,27.50,30,6,13,11,32,42,-10,31,1.03,26216,13404013.00,"2021-2022","46","Ligue1"
657,,18,"Auxerre",33,28.20,30,7,8,15,27,51,-24,29,0.97,14090,412543.00,"2021-2022","44.1","Ligue1"
658,,14,"Brest",25,27.30,30,6,10,14,34,48,-14,28,0.93,11239,6273807.00,"2021-2022","43.9","Ligue1"
659,,9,"Strasbourg",26,28.30,30,5,11,14,38,52,-14,26,0.87,23553,11238970.00,"2021-2022","46.7","Ligue1"
660,,17,"Troyes",28,26.70,30,4,9,17,38,64,-26,21,0.70,8344,4859314.00,"2021-2022","43.8","Ligue1"
661,,20,"Ajaccio",31,30.00,30,6,3,21,21,55,-34,21,0.70,6422,2309378.00,"2021-2022","45.3","Ligue1"
662,,12,"Angers",34,26.60,30,3,5,22,23,64,-41,14,0.47,8456,7640191.00,"2021-2022","46.6","Ligue1"
663,,1,"Monaco",29,25.00,38,30,5,3,107,31,76,95,2.50,9586,41102814.00,"2016-2017","51.9","Ligue1"
664,,2,"Paris S-G",28,26.40,38,27,6,5,83,27,56,87,2.29,45160,127344124.00,"2016-2017","65.3","Ligue1"
665,,3,"Nice",27,24.30,38,22,12,4,63,36,27,78,2.05,22949,18773056.00,"2016-2017","58.9","Ligue1"
666,,4,"Lyon",27,25.00,38,21,4,13,77,48,29,67,1.76,39171,39195038.00,"2016-2017","59.1","Ligue1"
667,,5,"Marseille",27,27.40,38,17,11,10,57,41,16,62,1.63,39894,34637567.00,"2016-2017","55.9","Ligue1"
668,,6,"Bordeaux",27,25.90,38,15,14,9,53,43,10,59,1.55,24217,21963894.00,"2016-2017","48.3","Ligue1"
669,,7,"Nantes",27,24.80,38,14,9,15,40,54,-14,51,1.34,23152,10769971.00,"2016-2017","48.4","Ligue1"
670,,8,"Saint-Étienne",34,26.10,38,12,14,12,41,42,-1,50,1.32,25794,18073947.00,"2016-2017","49.8","Ligue1"
671,,9,"Rennes",31,26.30,38,12,14,12,36,42,-6,50,1.32,22688,14815846.00,"2016-2017","52","Ligue1"
672,,10,"Guingamp",25,27.60,38,14,8,16,46,53,-7,50,1.32,14790,9859907.00,"2016-2017","47.5","Ligue1"
673,,11,"Lille",31,26.90,38,13,7,18,40,47,-7,46,1.21,29487,27020727.00,"2016-2017","51.1","Ligue1"
674,,12,"Angers",29,26.70,38,13,7,18,40,49,-9,46,1.21,11956,10072901.00,"2016-2017","46.1","Ligue1"
675,,13,"Toulouse",30,23.30,38,10,14,14,37,41,-4,44,1.16,17067,16166166.00,"2016-2017","45.4","Ligue1"
676,,14,"Metz",31,26.50,38,11,10,17,39,72,-33,43,1.13,15343,8970220.00,"2016-2017","42.4","Ligue1"
677,,15,"Montpellier",32,26.80,38,10,9,19,48,66,-18,39,1.03,12356,17122098.00,"2016-2017","49.4","Ligue1"
678,,17,"Toulouse",25,23.80,38,9,13,16,45,55,-10,40,1.05,16306,9185255.00,"2015-2016","46.6","Ligue1"
679,,18,"Reims",31,26.90,38,10,9,19,44,57,-13,39,1.03,13482,12983482.00,"2015-2016","47.6","Ligue1"
680,,19,"Gazélec Ajaccio",23,28.40,38,8,13,17,37,58,-21,37,0.97,3719,6280785.00,"2015-2016","47","Ligue1"
681,,20,"Troyes",33,26.50,38,3,9,26,28,83,-55,18,0.47,12472,9149585.00,"2015-2016","48.2","Ligue1"
682,,1,"Paris S-G",23,26.80,38,24,11,3,83,36,47,83,2.18,45789,87257361.00,"2014-2015","60.4","Ligue1"
683,,2,"Lyon",26,24.60,38,22,9,7,72,33,39,75,1.97,34949,27232703.00,"2014-2015","56.9","Ligue1"
684,,3,"Monaco",27,25.50,38,20,11,7,51,26,25,71,1.87,7820,26487732.00,"2014-2015","51.7","Ligue1"
685,,4,"Marseille",25,25.60,38,21,6,11,76,42,34,69,1.82,53130,21081346.00,"2014-2015","57.7","Ligue1"
686,,5,"Saint-Étienne",24,27.10,38,19,12,7,51,30,21,69,1.82,32256,13682594.00,"2014-2015","50.3","Ligue1"
687,,6,"Bordeaux",30,26.20,38,17,12,9,47,44,3,63,1.66,23463,16302727.00,"2014-2015","52.8","Ligue1"
688,,7,"Montpellier",26,27.30,38,16,8,14,46,39,7,56,1.47,12860,13031381.00,"2014-2015","47.3","Ligue1"
689,,8,"Lille",27,26.40,38,16,8,14,43,42,1,56,1.47,36552,15683108.00,"2014-2015","51.3","Ligue1"
690,,9,"Rennes",22,26.00,38,13,11,14,35,42,-7,50,1.32,20125,15047184.00,"2014-2015","50.2","Ligue1"
691,,10,"Guingamp",28,28.30,38,15,4,19,41,55,-14,49,1.29,14848,11886919.00,"2014-2015","44.2","Ligue1"
692,,11,"Nice",30,24.00,38,13,9,16,44,53,-9,48,1.26,18293,9490988.00,"2014-2015","50.4","Ligue1"
693,,12,"Bastia",31,27.20,38,12,11,15,37,46,-9,47,1.24,12129,10783223.00,"2014-2015","48.9","Ligue1"
694,,13,"Caen",23,27.20,38,12,10,16,54,55,-1,46,1.21,16991,5278999.00,"2014-2015","45.2","Ligue1"
695,,14,"Nantes",27,26.30,38,11,12,15,29,40,-11,45,1.18,25985,9036460.00,"2014-2015","47.1","Ligue1"
696,,15,"Reims",30,27.00,38,12,8,18,47,66,-19,44,1.16,14091,10161564.00,"2014-2015","48.9","Ligue1"
697,,16,"Lorient",32,24.80,38,12,7,19,44,50,-6,43,1.13,13649,10536595.00,"2014-2015","49.6","Ligue1"
698,,17,"Toulouse",27,24.40,38,12,6,20,43,64,-21,42,1.11,15689,11088955.00,"2014-2015","49.1","Ligue1"
699,,18,"Evian",29,26.80,38,11,4,23,41,62,-21,37,0.97,10514,11644367.00,"2014-2015","45.8","Ligue1"
700,,19,"Metz",31,26.30,38,7,9,22,31,61,-30,30,0.79,18673,8149839.00,"2014-2015","44.9","Ligue1"
701,,20,"Lens",27,26.00,38,7,8,23,32,61,-29,29,0.76,17205,4677724.00,"2014-2015","47.3","Ligue1"
702,,16,"Dijon",27,27.70,38,8,13,17,46,58,-12,37,0.97,10126,8578885.00,"2016-2017","46.4","Ligue1"
703,,17,"Caen",27,28.70,38,10,7,21,36,65,-29,37,0.97,16755,11800291.00,"2016-2017","45.8","Ligue1"
704,,18,"Lorient",30,26.80,38,10,6,22,44,70,-26,36,0.95,11847,13235203.00,"2016-2017","50.5","Ligue1"
705,,19,"Nancy",27,27.20,38,9,8,21,29,52,-23,35,0.92,17516,7413018.00,"2016-2017","43.1","Ligue1"
706,,20,"Bastia",29,26.90,38,8,10,20,29,54,-25,34,0.89,9405,12414819.00,"2016-2017","43.4","Ligue1"
707,,1,"Paris S-G",28,27.00,38,30,6,2,102,19,83,96,2.53,46160,110149669.00,"2015-2016","66.5","Ligue1"
708,,2,"Lyon",30,25.50,38,19,8,11,67,43,24,65,1.71,40296,35218462.00,"2015-2016","61.3","Ligue1"
709,,3,"Monaco",31,26.10,38,17,14,7,57,50,7,65,1.71,7838,31961380.00,"2015-2016","48.1","Ligue1"
710,,4,"Nice",33,24.20,38,18,9,11,58,41,17,63,1.66,19192,10165641.00,"2015-2016","57.9","Ligue1"
711,,5,"Lille",32,27.10,38,15,15,8,39,27,12,60,1.58,30268,19976629.00,"2015-2016","51.1","Ligue1"
712,,6,"Saint-Étienne",31,27.20,38,17,7,14,42,37,5,58,1.53,30328,16553433.00,"2015-2016","51.5","Ligue1"
713,,7,"Caen",24,28.20,38,16,6,16,39,52,-13,54,1.42,17661,10738381.00,"2015-2016","40.2","Ligue1"
714,,8,"Rennes",31,26.20,38,13,13,12,52,54,-2,52,1.37,23180,11589334.00,"2015-2016","50.4","Ligue1"
715,,9,"Angers",29,27.20,38,13,11,14,40,38,2,50,1.32,13500,7674929.00,"2015-2016","42.5","Ligue1"
716,,10,"Bastia",26,28.70,38,14,8,16,36,42,-6,50,1.32,11563,8964106.00,"2015-2016","43.4","Ligue1"
717,,11,"Bordeaux",35,24.90,38,12,14,12,50,57,-7,50,1.32,25088,20188601.00,"2015-2016","50.8","Ligue1"
718,,12,"Montpellier",30,27.10,38,14,7,17,49,47,2,49,1.29,12839,13242336.00,"2015-2016","49.8","Ligue1"
719,,13,"Marseille",28,25.00,38,10,18,10,48,42,6,48,1.26,42015,27263276.00,"2015-2016","56.6","Ligue1"
720,,14,"Nantes",29,25.80,38,12,12,14,33,44,-11,48,1.26,25226,9624491.00,"2015-2016","49.2","Ligue1"
721,,15,"Lorient",31,25.40,38,11,13,14,47,58,-11,46,1.21,11988,11317232.00,"2015-2016","49","Ligue1"
722,,16,"Guingamp",28,28.40,38,11,11,16,47,56,-9,44,1.16,14804,8174297.00,"2015-2016","42.8","Ligue1"
723,,1,"Paris S-G",23,26.60,38,27,8,3,84,23,61,89,2.34,45420,85930481.00,"2013-2014",,"Ligue1"
724,,2,"Monaco",29,26.40,38,23,11,4,63,31,32,80,2.11,8438,49735710.00,"2013-2014",,"Ligue1"
725,,3,"Lille",22,26.90,38,20,11,7,46,26,20,71,1.87,38662,19778920.00,"2013-2014",,"Ligue1"
726,,4,"Saint-Étienne",26,26.90,38,20,9,9,56,34,22,69,1.82,30595,19107325.00,"2013-2014",,"Ligue1"
727,,5,"Lyon",28,25.00,38,17,10,11,56,44,12,61,1.61,34414,26873978.00,"2013-2014",,"Ligue1"
728,,6,"Marseille",24,26.40,38,16,12,10,53,40,13,60,1.58,38129,34806742.00,"2013-2014",,"Ligue1"
729,,7,"Bordeaux",32,26.90,38,13,14,11,49,43,6,53,1.39,18833,14580429.00,"2013-2014",,"Ligue1"
730,,8,"Lorient",28,25.60,38,13,10,15,48,53,-5,49,1.29,15160,12070363.00,"2013-2014",,"Ligue1"
731,,9,"Toulouse",28,24.20,38,12,13,13,46,53,-7,49,1.29,14993,14685399.00,"2013-2014",,"Ligue1"
732,,10,"Bastia",27,28.70,38,13,10,15,42,56,-14,49,1.29,12932,13967946.00,"2013-2014",,"Ligue1"
733,,11,"Reims",25,26.50,38,12,12,14,44,52,-8,48,1.26,15577,11340672.00,"2013-2014",,"Ligue1"
734,,12,"Rennes",32,25.50,38,11,13,14,47,45,2,46,1.21,19523,18416368.00,"2013-2014",,"Ligue1"
735,,13,"Nantes",28,25.70,38,12,10,16,38,43,-5,46,1.21,28169,12196730.00,"2013-2014",,"Ligue1"
736,,14,"Evian",29,26.90,38,11,11,16,39,51,-12,44,1.16,10919,11135832.00,"2013-2014",,"Ligue1"
737,,15,"Montpellier",26,26.00,38,8,18,12,45,53,-8,42,1.11,14679,13235205.00,"2013-2014",,"Ligue1"
738,,16,"Guingamp",25,27.20,38,11,9,18,34,42,-8,42,1.11,15001,6847414.00,"2013-2014",,"Ligue1"
739,,17,"Nice",29,24.60,38,12,6,20,30,44,-14,42,1.11,22913,11380423.00,"2013-2014",,"Ligue1"
740,,18,"Sochaux",36,25.20,38,10,10,18,37,61,-24,40,1.05,14388,13609218.00,"2013-2014",,"Ligue1"
741,,19,"Valenciennes",26,26.70,38,7,8,23,37,65,-28,29,0.76,14354,8815316.00,"2013-2014",,"Ligue1"
742,,20,"Ajaccio",37,27.10,38,4,11,23,37,72,-35,23,0.61,5965,9376847.00,"2013-2014",,"Ligue1"
743,,1,"Paris S-G",31,26.80,38,25,8,5,69,23,46,83,2.18,41030,,"2012-2013",,"Ligue1"
744,,2,"Marseille",25,26.40,38,21,8,9,42,36,6,71,1.87,31366,,"2012-2013",,"Ligue1"
745,,3,"Lyon",31,26.00,38,19,10,9,61,38,23,67,1.76,29884,,"2012-2013",,"Ligue1"
746,,4,"Nice",32,24.90,38,18,10,10,57,46,11,64,1.68,9431,,"2012-2013",,"Ligue1"
747,,5,"Saint-Étienne",25,25.90,38,16,15,7,60,32,28,63,1.66,22340,,"2012-2013",,"Ligue1"
748,,6,"Lille",25,26.90,38,16,14,8,59,40,19,62,1.63,37958,,"2012-2013",,"Ligue1"
749,,7,"Bordeaux",26,27.00,38,13,16,9,40,34,6,55,1.45,18667,,"2012-2013",,"Ligue1"
750,,8,"Lorient",30,26.50,38,14,11,13,57,58,-1,53,1.39,14407,,"2012-2013",,"Ligue1"
751,,9,"Montpellier",28,26.60,38,15,7,16,54,51,3,52,1.37,15994,,"2012-2013",,"Ligue1"
752,,10,"Toulouse",24,24.10,38,13,12,13,49,47,2,51,1.34,17015,,"2012-2013",,"Ligue1"
753,,11,"Valenciennes",26,26.70,38,12,12,14,49,53,-4,48,1.26,14422,,"2012-2013",,"Ligue1"
754,,12,"Bastia",29,27.80,38,13,8,17,50,66,-16,47,1.24,10358,,"2012-2013",,"Ligue1"
755,,13,"Rennes",31,24.80,38,13,7,18,48,59,-11,46,1.21,17378,,"2012-2013",,"Ligue1"
756,,14,"Reims",26,26.10,38,10,13,15,33,42,-9,43,1.13,14572,,"2012-2013",,"Ligue1"
757,,15,"Sochaux",27,24.80,38,10,11,17,41,57,-16,41,1.08,12523,,"2012-2013",,"Ligue1"
758,,16,"Evian",30,27.60,38,10,10,18,46,53,-7,40,1.05,9974,,"2012-2013",,"Ligue1"
759,,17,"Ajaccio",28,28.50,38,9,15,14,39,51,-12,40,1.05,6364,,"2012-2013",,"Ligue1"
760,,18,"Nancy",29,25.50,38,9,11,18,38,58,-20,38,1.00,14600,,"2012-2013",,"Ligue1"
761,,19,"Troyes",26,26.70,38,8,13,17,43,61,-18,37,0.97,13179,,"2012-2013",,"Ligue1"
762,,20,"Brest",33,26.30,38,8,5,25,32,62,-30,29,0.76,11372,,"2012-2013",,"Ligue1"
