Season,League Rank,Squad,# of Players,Avg Age,Avg Poss,MP,W,D,L,GF,GA,GD,Pts,Pts/MP,Attendance,Annual Wages ($)
2013-2014,1.0,Bayern Munich,33.0,26.5,,34,29,3,2,94,23,71,90,2.65,71000,"118,063,068"
2013-2014,3.0,Dortmund,31.0,25.9,,34,22,5,7,80,38,42,71,2.09,80297,"56,291,655"
2013-2014,2.0,Schalke 04,38.0,24.6,,34,19,7,8,63,43,20,64,1.88,61569,"59,339,815"
2013-2014,5.0,Leverkusen,35.0,25.4,,34,19,4,11,60,41,19,61,1.79,28452,"39,811,597"
2013-2014,4.0,Wolfsburg,36.0,25.9,,34,18,6,10,63,50,13,60,1.76,50498,"54,979,038"
2013-2014,9.0,M'Gladbach,28.0,25.6,,34,16,7,11,59,43,16,55,1.62,52239,"26,186,075"
2013-2014,12.0,Mainz 05,32.0,26.8,,34,16,5,13,52,54,-2,53,1.56,30984,"20,357,775"
2013-2014,16.0,Augsburg,35.0,26.7,,34,15,7,12,47,47,0,52,1.53,29325,"14,133,042"
2013-2014,10.0,Hoffenheim,43.0,24.0,,34,11,11,12,72,70,2,44,1.29,26875,"25,148,618"
2013-2014,,Hannover 96,,25.7,,34,12,6,16,46,59,-13,42,1.24,45635,
2013-2014,14.0,Hertha BSC,32.0,26.1,,34,11,8,15,40,48,-8,41,1.21,51889,"17,702,989"
2013-2014,7.0,Werder Bremen,39.0,25.8,,34,10,9,15,42,66,-24,39,1.15,40657,"28,498,440"
2013-2014,11.0,Eint Frankfurt,33.0,25.6,,34,9,9,16,40,57,-17,36,1.06,47053,"24,784,799"
2013-2014,15.0,Freiburg,35.0,23.9,,34,9,9,16,43,61,-18,36,1.06,23394,"17,466,554"
2013-2014,8.0,Stuttgart,35.0,24.8,,34,8,8,18,49,62,-13,32,0.94,50498,"27,562,895"
2013-2014,6.0,Hamburger SV,34.0,25.0,,34,7,6,21,51,75,-24,27,0.79,51825,"39,484,464"
2013-2014,13.0,Nürnberg,33.0,25.9,,34,5,11,18,37,70,-33,26,0.76,40412,"19,235,732"
2013-2014,17.0,Braunschweig,33.0,26.0,,34,6,7,21,29,60,-31,25,0.74,22780,"9,707,042"
2014-2015,1.0,Bayern Munich,33.0,26.6,70.4,34,25,4,5,80,18,62,79,2.32,72882,"120,336,711"
2014-2015,3.0,Wolfsburg,30.0,26.1,54.9,34,20,9,5,72,38,34,69,2.03,28199,"58,350,259"
2014-2015,7.0,M'Gladbach,27.0,25.7,53.5,34,19,9,6,53,26,27,66,1.94,50660,"27,182,768"
2014-2015,6.0,Leverkusen,26.0,24.9,51.7,34,17,10,7,62,37,25,61,1.79,29311,"32,706,352"
2014-2015,15.0,Augsburg,35.0,27.6,52.3,34,15,4,15,43,43,0,49,1.44,29162,"12,597,242"
2014-2015,4.0,Schalke 04,36.0,25.2,51.1,34,13,9,12,42,40,2,48,1.41,61569,"50,191,251"
2014-2015,2.0,Dortmund,37.0,26.5,55.3,34,13,7,14,47,42,5,46,1.35,80424,"60,922,499"
2014-2015,8.0,Hoffenheim,30.0,24.8,49.0,34,12,8,14,49,55,-6,44,1.29,27183,"26,738,435"
2014-2015,10.0,Werder Bremen,36.0,25.7,43.4,34,11,10,13,50,65,-15,43,1.26,40859,"21,429,882"
2014-2015,13.0,Eint Frankfurt,30.0,25.9,49.5,34,11,10,13,56,62,-6,43,1.26,47618,"18,167,705"
2014-2015,12.0,Mainz 05,37.0,25.3,48.9,34,9,13,12,45,47,-2,40,1.18,31008,"18,238,023"
2014-2015,16.0,Köln,27.0,25.1,42.8,34,9,13,12,34,40,-6,40,1.18,48329,"12,101,955"
2014-2015,,Hannover 96,,26.0,51.3,34,9,10,15,40,56,-16,37,1.09,43459,
2014-2015,9.0,Stuttgart,30.0,24.9,47.5,34,9,9,16,42,60,-18,36,1.06,50713,"25,911,934"
2014-2015,11.0,Hertha BSC,30.0,26.2,40.5,34,9,8,17,36,52,-16,35,1.03,50185,"19,060,445"
2014-2015,5.0,Hamburger SV,38.0,27.3,46.8,34,9,8,17,25,50,-25,35,1.03,53252,"41,018,228"
2014-2015,14.0,Freiburg,30.0,25.1,48.4,34,7,13,14,36,47,-11,34,1.0,23791,"13,616,355"
2014-2015,17.0,Paderborn 07,28.0,26.8,43.2,34,7,10,17,31,65,-34,31,0.91,14859,"7,757,479"
2015-2016,1.0,Bayern Munich,34.0,26.8,70.1,34,28,4,2,80,17,63,88,2.59,75000,"164,596,729"
2015-2016,3.0,Dortmund,30.0,25.6,63.9,34,24,6,4,82,34,48,78,2.29,81178,"27,503,785"
2015-2016,5.0,Leverkusen,33.0,24.1,53.1,34,18,6,10,56,40,16,60,1.76,29085,"75,886,115"
2015-2016,6.0,M'Gladbach,29.0,24.9,56.0,34,17,4,13,67,50,17,55,1.62,51715,"30,333,860"
2015-2016,4.0,Schalke 04,32.0,24.9,52.2,34,15,7,12,51,49,2,52,1.53,61386,"20,651,280"
2015-2016,13.0,Mainz 05,39.0,25.0,46.1,34,14,8,12,46,42,4,50,1.47,31053,"21,280,070"
2015-2016,9.0,Hertha BSC,34.0,26.1,49.7,34,14,8,12,42,42,0,50,1.47,49704,"12,107,045"
2015-2016,2.0,Wolfsburg,35.0,27.0,57.6,34,12,9,13,47,49,-2,45,1.32,28945,"29,994,492"
2015-2016,15.0,Köln,25.0,25.1,45.2,34,10,13,11,38,42,-4,43,1.26,48676,"37,434,013"
2015-2016,7.0,Hamburger SV,35.0,27.1,48.7,34,11,8,15,40,46,-6,41,1.21,41246,"60,605,556"
2015-2016,16.0,Ingolstadt 04,30.0,26.3,45.2,34,10,10,14,33,42,-9,40,1.18,14834,"20,030,638"
2015-2016,14.0,Augsburg,39.0,27.4,46.9,34,9,11,14,42,52,-10,38,1.12,29017,"50,962,720"
2015-2016,12.0,Werder Bremen,40.0,26.6,44.9,34,10,8,16,50,65,-15,38,1.12,40935,"18,104,514"
2015-2016,17.0,Darmstadt 98,30.0,27.5,33.2,34,9,11,14,38,53,-15,38,1.12,16647,"34,245,211"
2015-2016,8.0,Hoffenheim,31.0,24.1,46.1,34,9,10,15,39,54,-15,37,1.09,27615,"22,165,676"
2015-2016,11.0,Eint Frankfurt,35.0,26.7,48.0,34,9,9,16,34,52,-18,36,1.06,46676,"79,402,050"
2015-2016,10.0,Stuttgart,34.0,26.0,47.9,34,9,6,19,50,75,-25,33,0.97,51983,"11,868,574"
2015-2016,,Hannover 96,,25.6,45.9,34,7,4,23,31,62,-31,25,0.74,41246,"15,184,764"
2016-2017,1.0,Bayern Munich,38.0,27.4,66.1,34,27,3,4,92,28,64,84,2.47,75000,"185,051,324"
2016-2017,7.0,Schalke 04,29.0,26.1,46.6,34,18,9,7,53,37,16,63,1.85,61197,"42,474,540"
2016-2017,8.0,Hoffenheim,36.0,25.0,51.2,34,15,10,9,66,48,18,55,1.62,28716,"39,546,630"
2016-2017,2.0,Dortmund,33.0,25.9,59.1,34,15,10,9,64,47,17,55,1.62,79496,"84,471,113"
2016-2017,4.0,Leverkusen,27.0,24.0,54.6,34,15,10,9,58,44,14,55,1.62,28415,"57,923,248"
2016-2017,6.0,RB Leipzig,28.0,23.4,55.0,34,15,8,11,57,53,4,53,1.56,39397,"43,215,431"
2016-2017,10.0,Stuttgart,35.0,25.6,46.6,34,15,6,13,36,36,0,51,1.5,56045,"29,831,438"
2016-2017,13.0,Eint Frankfurt,36.0,26.4,47.9,34,14,7,13,45,45,0,49,1.44,49159,"26,256,394"
2016-2017,5.0,M'Gladbach,35.0,25.7,52.0,34,13,8,13,47,52,-5,47,1.38,50986,"45,530,856"
2016-2017,14.0,Hertha BSC,32.0,26.4,46.1,34,10,13,11,43,46,-3,43,1.26,45319,"25,994,483"
2016-2017,12.0,Werder Bremen,33.0,26.3,47.4,34,10,12,12,37,40,-3,42,1.24,38726,"27,785,063"
2016-2017,17.0,Augsburg,33.0,26.6,45.7,34,10,11,13,43,46,-3,41,1.21,28238,"16,879,548"
2016-2017,,Hannover 96,,26.4,46.9,34,10,9,15,44,54,-10,39,1.15,42706,
2016-2017,16.0,Mainz 05,33.0,25.3,44.4,34,9,9,16,38,52,-14,36,1.06,28766,"18,159,552"
2016-2017,15.0,Freiburg,36.0,24.8,44.8,34,8,12,14,32,56,-24,36,1.06,23894,"18,401,082"
2016-2017,3.0,Wolfsburg,33.0,25.1,49.3,34,6,15,13,36,48,-12,33,0.97,25712,"59,318,416"
2016-2017,9.0,Hamburger SV,34.0,25.0,49.0,34,8,7,19,29,53,-24,31,0.91,50656,"34,882,158"
2016-2017,11.0,Köln,38.0,25.3,47.4,34,5,7,22,35,70,-35,22,0.65,48776,"29,816,147"
2017-2018,1.0,Bayern Munich,38.0,27.4,66.1,34,27,3,4,92,28,64,84,2.47,75000,"185,051,324"
2017-2018,7.0,Schalke 04,29.0,26.1,46.6,34,18,9,7,53,37,16,63,1.85,61197,"42,474,540"
2017-2018,8.0,Hoffenheim,36.0,25.0,51.2,34,15,10,9,66,48,18,55,1.62,28716,"39,546,630"
2017-2018,2.0,Dortmund,33.0,25.9,59.1,34,15,10,9,64,47,17,55,1.62,79496,"84,471,113"
2017-2018,4.0,Leverkusen,27.0,24.0,54.6,34,15,10,9,58,44,14,55,1.62,28415,"57,923,248"
2017-2018,6.0,RB Leipzig,28.0,23.4,55.0,34,15,8,11,57,53,4,53,1.56,39397,"43,215,431"
2017-2018,10.0,Stuttgart,35.0,25.6,46.6,34,15,6,13,36,36,0,51,1.5,56045,"29,831,438"
2017-2018,13.0,Eint Frankfurt,36.0,26.4,47.9,34,14,7,13,45,45,0,49,1.44,49159,"26,256,394"
2017-2018,5.0,M'Gladbach,35.0,25.7,52.0,34,13,8,13,47,52,-5,47,1.38,50986,"45,530,856"
2017-2018,14.0,Hertha BSC,32.0,26.4,46.1,34,10,13,11,43,46,-3,43,1.26,45319,"25,994,483"
2017-2018,12.0,Werder Bremen,33.0,26.3,47.4,34,10,12,12,37,40,-3,42,1.24,38726,"27,785,063"
2017-2018,17.0,Augsburg,33.0,26.6,45.7,34,10,11,13,43,46,-3,41,1.21,28238,"16,879,548"
2017-2018,,Hannover 96,,26.4,46.9,34,10,9,15,44,54,-10,39,1.15,42706,
2017-2018,16.0,Mainz 05,33.0,25.3,44.4,34,9,9,16,38,52,-14,36,1.06,28766,"18,159,552"
2017-2018,15.0,Freiburg,36.0,24.8,44.8,34,8,12,14,32,56,-24,36,1.06,23894,"18,401,082"
2017-2018,3.0,Wolfsburg,33.0,25.1,49.3,34,6,15,13,36,48,-12,33,0.97,25712,"59,318,416"
2017-2018,9.0,Hamburger SV,34.0,25.0,49.0,34,8,7,19,29,53,-24,31,0.91,50656,"34,882,158"
2017-2018,11.0,Köln,38.0,25.3,47.4,34,5,7,22,35,70,-35,22,0.65,48776,"29,816,147"
2018-2019,1.0,Bayern Munich,78.0,27.4,65.7,34,24,6,4,88,32,56,78,2.29,75000,"197,705,635"
2018-2019,2.0,Dortmund,86.0,24.8,58.1,34,23,7,4,81,44,37,76,2.24,80841,"98,399,310"
2018-2019,6.0,RB Leipzig,85.0,24.0,49.6,34,19,9,6,63,29,34,66,1.94,38380,"55,774,453"
2018-2019,5.0,Leverkusen,82.0,25.3,59.8,34,18,4,12,69,52,17,58,1.71,27990,"63,293,461"
2018-2019,7.0,M'Gladbach,92.0,26.5,53.1,34,16,7,11,55,42,13,55,1.62,49668,"46,224,358"
2018-2019,4.0,Wolfsburg,98.0,25.4,53.3,34,16,7,11,62,50,12,55,1.62,24479,"66,851,386"
2018-2019,8.0,Eint Frankfurt,116.0,26.4,47.2,34,15,9,10,60,48,12,54,1.59,49794,"38,810,830"
2018-2019,11.0,Werder Bremen,94.0,27.1,52.1,34,14,11,9,58,49,9,53,1.56,41403,"35,825,854"
2018-2019,9.0,Hoffenheim,92.0,25.5,53.8,34,13,12,9,70,52,18,51,1.5,28456,"38,618,219"
2018-2019,16.0,Düsseldorf,96.0,26.9,43.2,34,13,5,16,49,65,-16,44,1.29,43869,"15,442,091"
2018-2019,12.0,Hertha BSC,101.0,25.9,47.9,34,11,10,13,49,57,-8,43,1.26,49258,"31,886,479"
2018-2019,14.0,Mainz 05,96.0,24.2,46.1,34,12,7,15,46,57,-11,43,1.26,26246,"21,854,342"
2018-2019,15.0,Freiburg,89.0,25.8,44.0,34,8,12,14,46,61,-15,36,1.06,23894,"17,370,250"
2018-2019,3.0,Schalke 04,93.0,25.8,45.4,34,8,9,17,37,55,-18,33,0.97,60941,"71,311,324"
2018-2019,13.0,Augsburg,101.0,26.5,46.4,34,8,8,18,51,71,-20,32,0.94,28623,"24,352,183"
2018-2019,10.0,Stuttgart,88.0,26.3,45.9,34,7,7,20,32,70,-38,28,0.82,54577,"37,052,763"
2018-2019,,Hannover 96,,26.3,46.3,34,5,6,23,31,71,-40,21,0.62,38365,
2018-2019,17.0,Nürnberg,85.0,24.9,42.4,34,3,10,21,26,68,-42,19,0.56,40372,"11,176,598"
2019-2020,1.0,Bayern Munich,76.0,26.7,65.1,34,26,4,4,100,32,68,82,2.41,57353,"218,212,198"
2019-2020,2.0,Dortmund,83.0,25.8,60.4,34,21,6,7,84,41,43,69,2.03,57297,"108,861,513"
2019-2020,3.0,RB Leipzig,102.0,24.2,55.3,34,18,12,4,81,37,44,66,1.94,28819,"72,091,964"
2019-2020,5.0,M'Gladbach,84.0,26.3,52.4,34,20,5,9,66,40,26,65,1.91,36078,"55,082,988"
2019-2020,8.0,Leverkusen,74.0,26.1,63.2,34,19,6,9,61,44,17,63,1.85,21236,"48,733,923"
2019-2020,9.0,Hoffenheim,86.0,26.0,51.6,34,15,7,12,53,53,0,52,1.53,20449,"48,560,670"
2019-2020,4.0,Wolfsburg,82.0,25.9,48.4,34,13,10,11,48,46,2,49,1.44,18621,"68,147,999"
2019-2020,17.0,Freiburg,84.0,26.4,48.1,34,13,9,12,48,47,1,48,1.41,16888,"16,917,253"
2019-2020,10.0,Eint Frankfurt,94.0,27.0,50.9,34,13,6,15,59,60,-1,45,1.32,35435,"43,893,140"
2019-2020,16.0,Union Berlin,96.0,27.7,41.9,34,12,5,17,41,58,-17,41,1.21,15467,"21,808,992"
2019-2020,6.0,Hertha BSC,97.0,26.2,44.7,34,11,8,15,48,59,-11,41,1.21,37689,"51,434,570"
2019-2020,7.0,Schalke 04,80.0,24.6,49.0,34,9,12,13,38,58,-20,39,1.15,46681,"49,559,403"
2019-2020,14.0,Mainz 05,98.0,24.6,43.2,34,11,4,19,44,65,-21,37,1.09,20694,"26,751,683"
2019-2020,12.0,Köln,87.0,25.6,46.7,34,10,6,18,51,69,-18,36,1.06,35094,"39,674,021"
2019-2020,13.0,Augsburg,102.0,26.2,38.6,34,9,9,16,45,63,-18,36,1.06,20265,"28,412,836"
2019-2020,11.0,Werder Bremen,88.0,26.7,48.8,34,8,7,19,42,69,-27,31,0.91,26413,"43,353,010"
2019-2020,15.0,Düsseldorf,102.0,27.1,45.6,34,6,12,16,36,67,-31,30,0.88,30581,"22,369,505"
2019-2020,18.0,Paderborn 07,90.0,25.7,45.9,34,4,8,22,37,74,-37,20,0.59,11038,"7,143,974"
2020-2021,1.0,Bayern Munich,83.0,27.3,60.7,34,24,6,4,99,44,55,78,2.29,15,"228,861,912"
2020-2021,6.0,RB Leipzig,81.0,25.0,59.7,34,19,8,7,60,32,28,65,1.91,1059,"54,899,548"
2020-2021,2.0,Dortmund,85.0,25.6,59.6,34,20,4,10,75,46,29,64,1.88,1241,"92,056,361"
2020-2021,4.0,Wolfsburg,82.0,25.6,51.1,34,17,10,7,61,37,24,61,1.79,538,"58,975,995"
2020-2021,8.0,Eint Frankfurt,91.0,27.2,53.7,34,16,12,6,69,53,16,60,1.76,853,"48,591,246"
2020-2021,5.0,Leverkusen,85.0,25.4,59.7,34,14,10,10,53,39,14,52,1.53,355,"57,274,076"
2020-2021,16.0,Union Berlin,84.0,27.3,44.9,34,12,14,8,50,43,7,50,1.47,912,"17,630,631"
2020-2021,7.0,M'Gladbach,95.0,26.9,51.7,34,13,10,11,64,56,8,49,1.44,628,"50,425,646"
2020-2021,17.0,Freiburg,77.0,26.2,47.3,34,12,9,13,52,52,0,45,1.32,188,"14,746,547"
2020-2021,15.0,Stuttgart,97.0,24.1,51.5,34,12,9,13,56,55,1,45,1.32,978,"18,873,948"
2020-2021,9.0,Hoffenheim,96.0,25.7,51.2,34,11,10,13,52,54,-2,43,1.26,361,"43,689,319"
2020-2021,13.0,Mainz 05,91.0,25.8,40.7,34,10,9,15,39,56,-17,39,1.15,221,"23,623,009"
2020-2021,14.0,Augsburg,81.0,27.0,41.4,34,10,6,18,36,54,-18,36,1.06,353,"23,358,043"
2020-2021,10.0,Hertha BSC,82.0,25.4,49.6,34,8,11,15,41,52,-11,35,1.03,471,"42,130,079"
2020-2021,18.0,Arminia,87.0,26.0,42.3,34,9,8,17,26,52,-26,35,1.03,321,"9,773,282"
2020-2021,11.0,Köln,94.0,24.9,46.3,34,8,9,17,34,60,-26,33,0.97,33,"30,542,780"
2020-2021,12.0,Werder Bremen,78.0,26.3,43.9,34,7,10,17,36,57,-21,31,0.91,518,"30,471,438"
2020-2021,3.0,Schalke 04,93.0,25.9,44.7,34,3,7,24,25,86,-61,16,0.47,18,"63,714,862"
2021-2022,1.0,Bayern Munich,79.0,26.8,64.5,34,24,5,5,97,37,60,77,2.26,33176,"243,170,244"
2021-2022,2.0,Dortmund,95.0,25.9,59.2,34,22,3,9,85,52,33,69,2.03,41800,"91,995,216"
2021-2022,5.0,Leverkusen,84.0,24.4,53.7,34,19,7,8,80,47,33,64,1.88,17356,"52,779,797"
2021-2022,4.0,RB Leipzig,85.0,25.3,56.1,34,17,7,10,72,37,35,58,1.71,22124,"55,052,414"
2021-2022,12.0,Union Berlin,90.0,28.3,43.7,34,16,9,9,50,44,6,57,1.68,14046,"21,859,946"
2021-2022,17.0,Freiburg,78.0,26.5,49.0,34,15,10,9,58,46,12,55,1.62,18741,"12,249,724"
2021-2022,10.0,Köln,90.0,27.0,54.8,34,14,10,10,52,49,3,52,1.53,31965,"29,493,089"
2021-2022,13.0,Mainz 05,81.0,26.2,46.5,34,13,7,14,50,45,5,46,1.35,17978,"17,508,339"
2021-2022,7.0,Hoffenheim,96.0,26.1,53.2,34,13,7,14,58,60,-2,46,1.35,11227,"41,039,628"
2021-2022,6.0,M'Gladbach,80.0,26.0,54.0,34,12,9,13,54,61,-7,45,1.32,26539,"48,183,602"
2021-2022,9.0,Eint Frankfurt,97.0,26.2,49.6,34,10,12,12,45,49,-4,42,1.24,26162,"36,698,211"
2021-2022,3.0,Wolfsburg,93.0,26.0,50.5,34,12,6,16,43,54,-11,42,1.24,12018,"62,705,941"
2021-2022,15.0,Bochum,91.0,28.0,44.7,34,12,6,16,38,52,-14,42,1.24,14236,"13,768,197"
2021-2022,11.0,Augsburg,89.0,26.6,41.5,34,10,8,16,39,56,-17,38,1.12,15197,"24,458,682"
2021-2022,14.0,Stuttgart,97.0,23.0,50.7,34,7,12,15,41,59,-18,33,0.97,27052,"16,040,818"
2021-2022,8.0,Hertha BSC,92.0,26.7,43.7,34,9,6,19,37,71,-34,33,0.97,23500,"38,175,924"
2021-2022,18.0,Arminia,76.0,25.8,40.7,34,5,13,16,27,53,-26,28,0.82,16773,"10,833,157"
2021-2022,16.0,Greuther Fürth,92.0,25.9,43.6,34,3,9,22,28,82,-54,18,0.53,7672,"12,942,721"
